id;latitude;longitude
AAA;-17.3542;-145.4961
AAC;31.0733;33.8358
AAE;36.8222;7.8094
AAL;57.0928;9.8492
AAN;24.2617;55.6092
AAR;56.3;10.619
AAT;47.72;88.15
AAY;16.1917;52.175
ABC;38.948;-1.863
ABD;30.3667;48.2333
ABK;6.734;44.253
ABL;67.1063;-157.8575
ABS;22.3758;31.6117
ABT;20.2961;41.6342
ABZ;57.2019;-2.1978
ACA;16.7571;-99.7538
ACE;28.9455;-13.6052
ACH;47.485;9.5619
ACI;49.7061;-2.2147
ACP;37.7333;46.45
ACU;9.183;-78.017
ACZ;31.0983;61.5439
ADA;36.9825;35.2831
ADB;38.2892;27.155
ADD;8.975;38.7994
ADE;12.8289;45.0297
ADF;37.7308;38.4689
ADJ;31.9727;35.9916
ADK;51.878;-176.646
ADQ;57.75;-152.4939
ADU;38.3267;48.4242
ADX;56.3733;-2.8683
AEB;23.72;106.96
AEH;13.8472;20.8488
AEO;16.7167;-9.6333
AES;62.5625;6.1197
AET;66.5518;-152.6222
AEY;65.6586;-18.0722
AFT;-9.1911;160.9492
AFY;38.7339;30.5953
AFZ;36.1681;57.5953
AGA;30.325;-9.4131
AGB;48.4252;10.9318
AGF;44.1747;0.5906
AGL;-9.333;149.15
AGM;65.6122;-37.6183
AGN;57.5036;-134.5851
AGP;36.675;-4.4992
AGQ;38.602;21.3512
AGU;21.7047;-102.3175
AHB;18.2404;42.6565
AHE;-14.4278;-146.255
AHO;40.6322;8.2894
AHS;15.4722;-84.3522
AHU;35.1806;-3.8317
AIC;7.1;171.2333
AIM;10.2;169.9833
AIN;70.638;-159.9948
AIT;-18.8309;-159.7642
AIU;-19.9678;-158.1192
AJA;41.9239;8.8025
AJF;29.7852;40.0996
AJI;39.6627;43.0232
AJN;-12.1317;44.4303
AJY;16.9622;7.9903
AKB;52.2203;-174.2063
AKF;24.1767;23.315
AKH;35.2026;-81.1498
AKI;60.9029;-161.2306
AKK;56.9387;-154.1826
AKN;58.6768;-156.6492
AKP;68.1336;-151.7433
AKS;-8.6978;160.6808
AKV;60.8186;-78.1486
ALC;38.2822;-0.5582
ALF;69.9761;23.3717
ALG;36.6944;3.2169
ALL;44.0467;8.1264
ALP;36.1797;37.2261
ALR;-45.2117;169.3733
ALY;31.1817;29.9464
ALZ;56.8958;-154.2458
AMH;6.0394;37.5905
AMM;31.7226;35.9932
AMS;52.3081;4.7642
AMY;-17.683;45.617
AMZ;-37.0297;174.9733
ANC;61.1744;-149.9964
ANE;47.5603;-0.3122
ANG;45.7294;0.2192
ANI;61.5816;-159.543
ANJ;46.4792;-84.3684
ANK;39.9575;32.6744
ANM;-14.9994;50.3202
ANN;55.0425;-131.5722
ANO;-16.1833;39.9333
ANR;51.1894;4.4603
ANV;62.6467;-160.1907
ANX;69.2925;16.1442
AOC;50.9818;12.5064
AOE;39.8117;30.5286
AOI;43.6167;13.3603
AOK;35.4167;27.15
AOQ;72.8869;-55.5961
AOS;57.4667;-153.8333
AOT;45.7386;7.3681
APK;-15.5736;-146.4153
APL;-15.1;39.2833
APW;-13.8297;-171.9972
AQI;28.3352;46.1249
AQJ;29.6116;35.0181
ARC;68.1147;-145.5794
ARK;-3.3678;36.6333
ARW;46.1765;21.262
ASA;13.0667;42.6333
ASD;24.6983;-77.7956
ASI;-7.97;-14.3933
ASM;15.2842;38.9
ASO;10.0185;34.5863
ASR;38.7703;35.4953
ASV;-2.633;37.25
ASW;23.9644;32.82
ATB;17.7097;34.0574
ATC;24.67;-75.75
ATD;-8.8733;161.0114
ATH;37.9367;23.9445
ATK;70.4673;-157.4357
ATN;-3.667;152.433
ATR;20.5008;-13.0467
ATZ;27.0464;31.0119
AUF;47.8464;3.4967
AUH;24.4367;54.6508
AUK;62.68;-164.6599
AUL;8.1333;171.1667
AUQ;-9.7667;-139.0167
AUR;44.8975;2.4167
AUY;-20.2492;169.7714
AVB;45.925;12.4292
AVI;22.0269;-78.7894
AVN;43.9067;4.9019
AVR;38.8855;-9.0281
AVU;-9.867;160.4
AWB;-8;142.75
AWD;-19.24;169.605
AWZ;31.3375;48.7603
AXD;40.8558;25.9561
AXK;14.5333;46.8167
AXP;22.4418;-73.9709
AXR;-15.2464;-146.6203
AXU;14.1371;38.7761
AYT;36.9008;30.7947
AZA;33.3078;-111.6555
AZD;31.9061;54.2764
AZI;24.4283;54.4581
AZR;27.8392;-0.1853
AZS;19.1986;-69.4298
BAH;26.2708;50.6336
BAL;37.9322;41.1164
BAS;-6.967;155.883
BAY;47.6583;23.4662
BBH;54.3382;12.7101
BBJ;49.9453;6.565
BBK;-17.8297;25.1631
BBO;10.3833;44.95
BBS;51.3239;-0.8475
BBT;4.2261;15.7856
BBU;44.5035;26.1036
BCA;20.3647;-74.5067
BCL;10.7687;-83.5856
BCM;46.5219;26.9103
BCN;41.2971;2.0785
BCV;17.2694;-88.7761
BCW;-23.7333;35.1167
BDH;26.5314;54.8275
BDM;40.3156;27.9828
BDS;40.6606;17.9481
BDT;4.25;20.9667
BDU;69.0558;18.5403
BEB;57.4811;-7.3628
BEG;44.8194;20.3125
BEN;32.0975;20.2708
BES;48.4472;-4.4217
BET;60.7798;-161.838
BEV;31.2881;34.7231
BEW;-19.7947;34.8992
BEX;51.6147;-1.0939
BEY;33.8206;35.49
BFO;-21.0086;31.5794
BFQ;7.583;-78.2
BFS;54.6575;-6.2158
BFX;5.5347;10.3558
BGC;41.8567;-6.7075
BGF;4.3977;18.5198
BGO;60.2936;5.2181
BGU;4.7833;22.7833
BGY;45.6689;9.7003
BHD;54.6181;-5.8725
BHE;-41.5183;173.8703
BHG;15.735;-84.5425
BHH;19.9842;42.6231
BHX;52.4539;-1.748
BIA;42.55;9.4847
BIG;63.9945;-145.7216
BII;11.5225;165.565
BIM;25.6999;-79.2647
BIO;43.3011;-2.9106
BIQ;43.4683;-1.5311
BIV;6.5267;21.99
BJA;36.7119;5.0694
BJB;37.4892;57.3064
BJF;70.6003;29.6925
BJL;13.3425;-16.6578
BJM;-3.3178;29.3172
BJR;11.6063;37.3197
BJT;6.4833;79.9833
BJV;37.2472;27.6814
BJX;20.9933;-101.481
BJY;44.9236;20.279
BJZ;38.8912;-6.8213
BKC;65.9816;-161.1491
BKF;39.7017;-104.7517
BKG;36.5321;-93.2005
BKO;12.5379;-7.9433
BKY;-2.309;28.8088
BKZ;-1.3;31.8
BLB;8.9148;-79.5996
BLJ;35.7592;6.3225
BLK;53.7716;-3.0286
BLL;55.7403;9.1518
BLQ;44.5306;11.2969
BLZ;-15.6798;34.9676
BMD;-19.6867;44.5419
BMK;53.5955;6.7092
BMW;21.375;0.9239
BMY;-19.7206;163.6611
BNB;-0.286;20.884
BNC;0.575;29.4739
BND;27.2186;56.3778
BNJ;50.7319;7.0967
BNN;65.4611;12.2175
BNX;44.9417;17.3033
BNY;-11.3022;159.7981
BOA;-5.854;13.064
BOB;-16.4436;-151.7525
BOC;9.3408;-82.2508
BOD;44.8286;-0.7153
BOH;50.78;-1.8425
BOO;67.2692;14.3653
BOP;5.9667;15.6333
BOT;-7.233;141.083
BOU;47.0644;2.3789
BPF;-8.583;158.117
BPY;-16.7419;44.4814
BQH;51.3308;0.0325
BRE;53.0474;8.7867
BRI;41.1392;16.7658
BRQ;49.1514;16.6939
BRR;57.017;-7.433
BRS;51.3827;-2.7191
BRU;50.9014;4.4844
BRV;53.5071;8.5729
BRW;71.2854;-156.766
BSA;11.2753;49.1494
BSD;25.15;99.15
BSG;1.9022;9.8028
BSK;34.7933;5.7382
BSL;47.59;7.5292
BST;31.559;64.3641
BSZ;58.2336;-157.3503
BTI;70.134;-143.5819
BTS;48.17;17.2128
BTT;66.9139;-151.529
BTZ;40.2489;29.5494
BUA;-5.4223;154.6727
BUD;47.4393;19.2618
BUG;-12.6099;13.4037
BUJ;35.3314;4.2044
BUL;-7.217;146.633
BUO;9.517;45.567
BUQ;-20.0183;28.6247
BUX;1.5658;30.2206
BUZ;28.9494;50.8303
BVA;49.4544;2.1128
BVC;16.1364;-22.8886
BVE;45.1494;1.4744
BVG;70.8714;29.0342
BWE;52.3192;10.5561
BWW;22.62;-79.14
BXE;14.8667;-12.4833
BXR;29.0842;58.4497
BYF;49.97;2.6928
BYH;35.9643;-89.944
BYI;42.5433;-113.7717
BYM;20.3972;-76.6175
BYR;57.2772;11.0001
BZB;-18.7167;36.3333
BZG;53.0968;17.9777
BZI;39.6156;27.9328
BZN;45.7775;-111.153
BZO;46.4603;11.3267
BZR;43.3233;3.3533
BZV;-4.2556;15.2483
BZY;47.8383;27.7817
BZZ;51.7495;-1.5822
CAB;-5.597;12.1884
CAE;33.9387;-81.1195
CAG;39.2472;9.0564
CAI;30.1114;31.4139
CAK;40.916;-81.4421
CAL;55.4372;-5.6864
CAO;36.4462;-103.15
CAP;19.7333;-72.2
CAR;46.8714;-68.0178
CAV;-11.9;22.9
CAX;54.9375;-2.725
CBG;52.205;0.175
CBH;31.65;-2.25
CBJ;17.65;-71.65
CBT;-12.4792;13.4869
CBU;51.8908;14.5336
CCC;22.4611;-78.3286
CCE;18.1006;-63.0489
CCF;43.2158;2.3086
CCN;34.5267;65.2717
CCV;-16.265;167.9244
CCZ;25.4171;-77.8808
CDB;55.2061;-162.7238
CDC;37.701;-113.0988
CDG;49.0097;2.5478
CDH;33.6233;-92.7633
CDR;42.8376;-103.0953
CDS;34.4337;-100.2879
CDV;60.4917;-145.4775
CDW;40.8752;-74.2814
CEC;41.7796;-124.2409
CEF;42.194;-72.5348
CEG;53.1781;-2.9778
CEM;65.5739;-144.7809
CEN;27.393;-109.8334
CEQ;43.5464;6.9542
CER;49.6508;-1.4753
CET;47.0819;-0.8772
CEW;30.7788;-86.5221
CEZ;37.303;-108.6281
CFE;45.7858;3.1625
CFF;66.7031;-119.7072
CFG;22.15;-80.4142
CFK;36.21;1.33
CFN;55.0442;-8.3409
CFR;49.1733;-0.45
CFU;39.6019;19.9122
CGA;55.4788;-133.1478
CGI;37.2253;-89.5708
CGN;50.8659;7.1427
CGY;8.4162;124.6114
CHA;35.0353;-85.2038
CHC;-43.4894;172.5344
CHO;38.1386;-78.4529
CHQ;35.5314;24.1511
CHR;46.8603;1.7211
CHS;32.8986;-80.0405
CHT;-43.81;-176.4572
CHU;61.5791;-159.2156
CHX;9.4589;-82.5153
CHY;-6.7119;156.3961
CIA;41.7994;12.5972
CIC;39.7954;-121.8584
CID;41.8847;-91.7108
CIG;40.495;-107.5214
CIK;66.645;-143.7399
CIN;37.5939;-83.3172
CIP;-13.5667;32.5911
CIS;-2.77;-171.7133
CIU;46.2508;-84.4724
CIY;36.9953;14.6081
CJS;31.6364;-106.4288
CJT;16.1767;-92.0506
CKB;39.2966;-80.2281
CKD;61.8679;-158.1349
CKT;36.4881;61.07
CKX;64.0713;-141.9523
CKY;9.5769;-13.612
CKZ;40.1361;26.4247
CLD;33.1283;-117.28
CLE;41.4117;-81.8498
CLI;44.6133;-88.7317
CLJ;46.7851;23.6861
CLL;30.5885;-96.3637
CLM;48.1202;-123.4997
CLP;58.8337;-158.5294
CLQ;19.277;-103.5776
CLT;35.214;-80.9431
CLY;42.5203;8.7931
CME;18.6522;-91.8011
CMF;45.6392;5.88
CMH;39.998;-82.8919
CMI;40.0393;-88.2781
CMK;-14.3069;35.1325
CMN;33.3642;-7.5817
CMR;48.1103;7.3592
CMU;-6.0243;144.9705
CMW;21.4203;-77.8475
CMX;47.1683;-88.4883
CND;44.3621;28.4885
CNG;45.6583;-0.3175
CNK;39.5493;-97.6523
CNL;57.5035;10.2294
CNM;32.3383;-104.2633
CNP;70.7433;-22.6606
CNU;37.6683;-95.485
CNW;31.6378;-97.074
CNY;38.755;-109.7548
COD;44.5202;-109.0238
COE;47.7743;-116.8196
COF;28.2349;-80.6101
COL;56.6;-6.617
CON;43.2033;-71.5017
COO;6.3564;2.3833
COS;38.8058;-104.7002
COT;28.4567;-99.2183
COU;38.8183;-92.22
COZ;18.9;-70.7167
CPA;4.3676;-7.7001
CPE;19.6681;-90.5003
CPH;55.6179;12.656
CPR;42.9079;-106.4643
CQD;32.2972;50.8422
CQF;50.9608;1.9514
CQM;38.8564;-3.97
CRA;44.3181;23.8885
CRE;33.8118;-78.7239
CRI;22.7456;-74.1824
CRL;50.46;4.4528
CRP;27.7704;-97.5012
CRS;45.4203;22.2522
CRV;38.9978;17.0797
CRW;38.3732;-81.5932
CSA;56.059;-6.244
CSF;49.2536;2.5192
CSG;32.5163;-84.9389
CSK;12.3889;-16.7416
CSM;35.34;-99.2
CSO;51.8559;11.418
CSV;35.9513;-85.085
CTA;37.4664;15.0642
CTB;48.6083;-112.3761
CTE;9.45;-78.967
CTM;18.5046;-88.3267
CTO;40.9067;-72.7917
CTT;43.2522;5.7836
CTY;29.635;-83.105
CTZ;34.975;-78.3656
CUF;44.5483;7.6222
CUK;17.7347;-88.0325
CUL;24.7651;-107.4752
CUN;21.0375;-86.877
CUU;28.7023;-105.963
CVG;39.0488;-84.6678
CVJ;18.8345;-99.2616
CVM;23.7025;-98.9558
CVN;34.4251;-103.0793
CVS;34.3995;-103.3222
CVT;52.3697;-1.4797
CVU;39.6714;-31.1136
CWA;44.7776;-89.6668
CWF;30.2133;-93.1433
CWL;51.3967;-3.3433
CXF;67.2522;-150.2039
CXH;49.2897;-123.1158
CYB;19.687;-79.8828
CYC;17.7008;-88.0411
CYF;60.1492;-164.2856
CYO;21.6161;-81.5456
CYS;41.1557;-104.8118
CYW;20.546;-100.8866
CZA;20.6413;-88.4462
CZF;61.7809;-166.0395
CZH;18.367;-88.4
CZJ;9.57;-79.36
CZL;36.2853;6.6192
CZM;20.5222;-86.9297
CZN;62.0712;-142.0484
CZW;50.885;19.2047
DAB;29.1798;-81.0581
DAG;34.8537;-116.7867
DAK;25.4117;29.0017
DAL;32.847;-96.8517
DAM;33.4108;36.5133
DAN;36.5729;-79.3361
DAR;-6.8781;39.2026
DAU;-9.0893;143.2131
DAV;8.3895;-82.4357
DAY;39.9024;-84.2194
DBB;30.9245;28.4614
DBQ;42.402;-90.7095
DBU;7.8559;80.6567
DCA;38.8521;-77.0377
DCI;39.3547;8.9728
DCM;43.555;2.2906
DDC;37.7634;-99.9656
DDG;40.2;124.25
DEB;47.4889;21.6153
DEC;39.8347;-88.8663
DEF;32.3803;48.4047
DEN;39.8617;-104.6732
DET;42.4092;-83.0099
DEZ;35.2855;40.1761
DFW;32.8968;-97.038
DGA;17.183;-88.583
DGO;24.125;-104.5278
DHA;26.2643;50.1525
DHF;24.25;54.55
DHN;31.3213;-85.4497
DHR;52.9244;4.7808
DHT;36.0226;-102.5473
DIE;-12.3528;49.295
DIJ;47.2658;5.095
DIK;46.7967;-102.8017
DIR;9.6378;41.8489
DIY;37.8925;40.2011
DJE;33.8756;10.7772
DJG;24.2931;9.4519
DKR;14.7439;-17.4794
DLA;4.0117;9.7083
DLE;47.0428;5.435
DLF;29.3595;-100.778
DLG;59.0446;-158.5054
DLH;46.8421;-92.1936
DLM;36.7126;28.7915
DLS;45.6185;-121.1673
DLY;-18.7694;169.0014
DMA;32.1665;-110.8832
DMM;26.4712;49.7979
DMN;32.2623;-107.7206
DND;56.4525;-3.0258
DNR;48.5878;-2.08
DNV;40.1992;-87.5959
DNX;12.5333;35.0583
DNZ;37.7878;29.705
DOD;-6.1704;35.7494
DOG;19.1526;30.4302
DOH;25.2611;51.5651
DOL;49.3633;0.16
DOV;39.1295;-75.4659
DOY;37.4544;118.4719
DPA;41.9067;-88.2483
DQA;46.5833;125
DRA;36.6194;-116.0328
DRG;66.0696;-162.7664
DRK;8.7189;-83.6417
DRO;37.1517;-107.7533
DRS;51.1328;13.7672
DRT;29.3742;-100.9272
DSA;53.4747;-1.0044
DSM;41.5341;-93.6506
DTM;51.5183;7.6122
DTW;42.2124;-83.3534
DUB;53.4214;-6.27
DUC;34.4709;-97.9599
DUD;-45.9281;170.1983
DUG;31.4727;-109.6021
DUJ;41.1783;-78.8983
DUS;51.2809;6.7573
DUT;53.9;-166.5435
DVD;-22.1111;43.2706
DVK;64.5113;-110.2895
DVL;48.1142;-98.9088
DWB;-16.083;45.367
DWC;24.8861;55.1722
DWD;24.5;44.4
DXB;25.2528;55.3644
DYS;32.4222;-99.8597
DZA;-12.8067;45.2806
EAA;64.7781;-141.1496
EAE;-17.09;168.342
EAL;9.33;166.842
EAM;17.6111;44.42
EAR;40.7238;-99.0068
EAS;43.3565;-1.7906
EAT;47.3984;-120.2062
EAU;44.8658;-91.4843
EBA;42.7628;10.2406
EBB;0.0408;32.4405
EBD;13.1529;30.2327
EBH;33.6861;1.0139
EBJ;55.5264;8.5525
EBM;31.7167;9.2667
EBO;4.6;168.75
EBU;45.5342;4.2972
ECG;36.2606;-76.1746
ECP;30.3582;-85.7956
EDA;55.954;-133.658
EDB;18.025;30.9583
EDF;61.2531;-149.7939
EDI;55.95;-3.3725
EDL;0.4045;35.2389
EDM;46.7025;-1.3817
EDO;39.5614;27.0247
EDW;34.9054;-117.8837
EED;34.7667;-114.6233
EEK;60.2184;-162.0235
EFD;29.6073;-95.1587
EFG;-9.15;147.65
EFL;38.12;20.5006
EGC;44.8244;0.5206
EGE;39.6425;-106.9176
EGM;-8.5667;157.8667
EGN;13.4835;22.4725
EGS;65.2833;-14.4014
EGV;45.9323;-89.2683
EGX;58.1855;-157.3754
EHM;58.6465;-162.0628
EIL;64.6657;-147.1015
EIN;51.45;5.3744
EJH;26.1986;36.4761
EJT;6.1333;171.9167
EKA;40.8056;-124.1156
EKI;37.0007;-101.88
EKN;38.89;-79.8567
EKO;40.8249;-115.7917
ELD;33.221;-92.8133
ELF;13.6149;25.3246
ELG;30.5689;2.8647
ELH;25.4749;-76.6835
ELI;64.615;-162.2705
ELM;42.1599;-76.8916
ELP;31.8067;-106.3778
ELQ;26.3028;43.7741
ELT;28.2089;33.6456
ELU;33.5131;6.7825
ELV;58.1952;-136.3474
ELY;39.2997;-114.8418
EMA;52.8311;-1.3281
EME;53.391;7.2256
EMK;62.7861;-164.4907
EML;47.0933;8.3067
EMP;38.3317;-96.1917
ENA;60.5731;-151.245
ENC;48.6922;6.2261
ENF;68.3644;23.4275
ENI;11.202;119.417
ENK;54.3989;-7.6517
ENL;38.5151;-89.0911
ENN;64.5473;-149.074
ENS;52.2758;6.8892
ENV;40.7186;-114.0308
EOI;59.1914;-2.7739
EPH;47.3075;-119.5158
EPL;48.325;6.0667
EPU;58.419;24.4728
ERC;39.7131;39.5206
ERF;50.9797;10.9581
ERH;31.9482;-4.4007
ERI;42.0819;-80.1761
ERS;-22.6075;17.0792
ERZ;39.9561;41.1694
ESB;40.1281;32.995
ESC;45.7227;-87.0937
ESD;48.7082;-122.9105
ESE;31.7947;-116.6008
ESF;31.3947;-92.2958
ESH;50.8356;-0.2972
ESK;39.7822;30.5828
ESS;-37.7281;144.9019
ETH;29.5594;34.9592
ETZ;48.9783;6.2467
EUA;-21.3783;-174.9575
EUG;44.1245;-123.212
EUN;27.1517;-13.2192
EVE;68.4889;16.6783
EVV;38.037;-87.5324
EVX;49.0286;1.22
EWB;41.6825;-70.9617
EWN;35.0731;-77.0431
EWR;40.6925;-74.1687
EXT;50.7344;-3.4139
EYW;24.5562;-81.7595
EZS;38.605;39.2939
FAA;10.006;-10.7599
FAB;51.2758;-0.7764
FAC;-16.6867;-145.3328
FAE;62.0636;-7.2772
FAH;32.3656;62.1651
FAI;64.8137;-147.8597
FAK;-16.05;-145.65
FAN;58.1003;6.625
FAO;37.0144;-7.9659
FAR;46.9207;-96.8158
FAT;36.7762;-119.7181
FAV;-16.0542;-145.657
FAY;34.9911;-78.8803
FBD;37.1219;70.5186
FBK;64.8365;-147.6168
FBM;-11.5913;27.5309
FCA;48.3105;-114.256
FCO;41.8003;12.2389
FCS;38.6784;-104.7566
FDE;61.3911;5.7569
FDH;47.6713;9.5115
FDK;39.4178;-77.3744
FDY;41.012;-83.6686
FEP;42.2462;-89.582
FEZ;33.9272;-4.9792
FFD;51.6833;-1.7833
FGD;22.6667;-12.7333
FGU;-15.8231;-140.8833
FHU;31.5885;-110.3444
FHZ;-15.9922;-140.1647
FIH;-4.3856;15.4447
FJR;25.1097;56.3306
FKB;48.7794;8.0805
FKI;0.4817;25.338
FKL;41.3778;-79.8603
FLG;35.1386;-111.6711
FLL;26.0727;-80.1527
FLO;34.1854;-79.7239
FLR;43.8097;11.2039
FLV;39.3683;-94.915
FLW;39.458;-31.1321
FMH;41.6583;-70.5217
FMI;-5.8755;29.2494
FMM;47.9888;10.2395
FMN;36.742;-108.2298
FMO;52.1346;7.6848
FMY;26.5867;-81.8633
FNA;8.6165;-13.1956
FNB;53.6037;13.3101
FNC;32.6942;-16.7781
FNE;-8.55;147.083
FNI;43.7575;4.4164
FNL;40.4518;-105.0113
FNT;42.9654;-83.7436
FOD;42.5512;-94.1918
FOE;38.9509;-95.6636
FOG;41.4339;15.5358
FOM;5.6444;10.7564
FON;10.4744;-84.5817
FPO;26.5587;-78.6956
FPR;27.495;-80.3683
FRA;50.0333;8.5705
FRD;48.522;-123.0244
FRE;-8.1075;159.5772
FRG;40.7288;-73.4134
FRL;44.1964;12.0706
FRO;61.5836;5.0247
FRS;16.9233;-89.87
FRW;-21.1608;27.4821
FSC;41.5022;9.0967
FSD;43.582;-96.7419
FSK;37.7984;-94.7694
FSM;35.3366;-94.3674
FSP;46.7632;-56.1743
FSS;57.65;-3.5517
FTA;-19.5164;170.2319
FTK;37.9071;-85.972
FTU;-25.0381;46.9561
FTW;32.8198;-97.3624
FTY;33.7792;-84.5222
FUE;28.4527;-13.8638
FUN;-8.525;179.195
FUO;23.0833;113.0708
FWA;40.9785;-85.1951
FWH;32.7683;-97.4417
FXE;26.1973;-80.1707
FYT;17.9161;19.1089
FYU;66.5715;-145.2504
FYV;36.0053;-94.17
FZO;51.5194;-2.5908
GAD;33.9726;-86.089
GAE;33.8833;10.1167
GAF;34.4156;8.8136
GAL;64.7362;-156.9373
GAM;63.7668;-171.7328
GAO;20.0853;-75.1583
GAQ;16.2483;0.0058
GAX;-2.767;9.983
GBD;38.3443;-98.8592
GBE;-24.5558;25.9189
GBT;36.9094;54.4014
GCC;44.3489;-105.5394
GCH;30.3376;50.828
GCI;49.435;-2.602
GCK;37.9275;-100.7243
GCM;19.2924;-81.3592
GCN;35.9523;-112.147
GCW;35.9903;-113.8164
GDE;5.9351;43.5786
GDL;20.5214;-103.3108
GDN;54.3776;18.4662
GDQ;12.5199;37.434
GDT;21.4445;-71.1423
GDV;47.1386;-104.8072
GEA;-22.2631;166.4681
GEG;47.6198;-117.5337
GER;21.8383;-82.7792
GEY;44.5168;-108.0828
GFA;47.5046;-111.1873
GFK;47.9493;-97.1761
GFL;43.3411;-73.6103
GFY;-19.6;18.1333
GGG;32.384;-94.7115
GGM;0.2664;34.7833
GGT;23.5626;-75.878
GGW;48.2125;-106.6147
GHA;32.3817;3.7994
GHB;25.2847;-76.331
GHC;25.7383;-77.8401
GHE;8.067;-78.367
GHF;49.6483;9.9667
GHT;25.1369;10.145
GIB;36.15;-5.35
GII;11.4011;-9.1868
GIS;-38.6633;177.9783
GIZ;16.9011;42.5858
GJA;16.4454;-85.9066
GJL;36.7944;5.8736
GJT;39.1224;-108.5267
GKA;-6.0844;145.3966
GKN;62.1549;-145.4566
GLA;55.8719;-4.4331
GLD;39.3706;-101.6989
GLE;33.6514;-97.1969
GLF;8.6538;-83.1805
GLH;33.4828;-90.9856
GLK;6.7808;47.4547
GLN;29.0267;-10.0503
GLO;51.8942;-2.1672
GLS;29.2653;-94.8604
GLV;64.5505;-163.0072
GLZ;51.5681;4.9331
GMA;3.2667;19.7667
GMB;8.1173;34.5634
GMI;-6.2711;150.3306
GMN;-42.4617;171.19
GMO;10.2894;11.1717
GMR;-23.0833;-134.8833
GMU;34.8481;-82.35
GMZ;28.0296;-17.2146
GNB;45.3631;5.3328
GNE;-21.7;21.6667
GNT;35.1653;-107.9006
GNU;59.1174;-161.5774
GNV;29.69;-82.2719
GNY;37.0919;38.8462
GOA;44.4131;8.8378
GOH;64.1909;-51.6781
GOM;-1.6709;29.2384
GON;41.33;-72.0451
GOU;9.3367;13.3811
GPA;38.15;21.4167
GPT;30.4073;-89.0701
GPZ;47.2111;-93.5098
GRB;44.4851;-88.1296
GRF;47.0792;-122.5807
GRI;40.9675;-98.3096
GRK;31.0672;-97.8289
GRO;41.901;2.7605
GRQ;53.125;6.5833
GRR;42.8808;-85.5228
GRS;42.7597;11.0719
GRW;39.0922;-28.0298
GRX;37.1887;-3.7774
GRY;66.5547;-18.0175
GRZ;46.9931;15.4392
GSB;35.3393;-77.9607
GSM;26.7519;55.8972
GSO;36.0977;-79.9373
GSP;34.8956;-82.2188
GSQ;22.5833;28.7161
GST;58.4243;-135.7073
GSU;14.1333;35.3167
GTB;44.0556;-75.7195
GTF;47.482;-111.3707
GTR;33.4503;-88.5914
GTZ;-2.0169;34.221
GUA;14.5817;-90.5267
GUC;38.5339;-106.933
GUM;13.4839;144.7972
GUP;35.5111;-108.7893
GUR;-10.3104;150.3341
GUY;36.6853;-101.5078
GVA;46.2383;6.1094
GVE;38.1567;-78.165
GVT;33.0678;-96.0653
GWE;-19.4417;29.8583
GWO;33.495;-90.085
GWT;54.9116;8.3424
GWY;53.3002;-8.9412
GXF;15.9636;48.785
GXG;-7.7667;15.3
GYI;-1.6772;29.2589
GYM;27.9693;-110.9178
GYR;33.4237;-112.3745
GYY;41.6163;-87.4128
GZA;31.2464;34.2761
GZO;-8.097;156.863
GZP;36.2992;32.3006
GZT;36.9489;37.4792
HAA;70.4867;22.1397
HAE;36.1916;-113.0924
HAH;-11.5365;43.2713
HAJ;52.4602;9.6835
HAM;53.6303;9.9883
HAS;27.4398;41.6863
HAU;59.3432;5.2125
HAV;22.9892;-82.4092
HAW;51.8331;-4.9611
HBE;30.9181;29.6958
HBR;34.9914;-99.0514
HCR;62.1883;-159.7749
HDF;53.8787;14.1523
HDM;34.8694;48.5506
HDN;40.5203;-107.3047
HEA;34.2161;62.2264
HEI;54.155;8.9033
HEL;60.3172;24.9633
HEM;60.2539;25.0442
HER;35.3397;25.1803
HEW;37.8958;23.7278
HEZ;31.6133;-91.2967
HFA;32.8094;35.0431
HFD;41.7367;-72.6333
HFN;64.2956;-15.2272
HFT;70.6797;23.6686
HGA;9.4878;44.0875
HGL;54.1853;7.9158
HGR;39.7085;-77.7265
HGU;-5.8333;144.3
HHH;32.2244;-80.6975
HHN;49.9487;7.2639
HHR;33.9233;-118.335
HHZ;-17.5447;-142.6144
HIA;33.53;119.23
HIB;47.3867;-92.8389
HIF;41.1239;-111.973
HIL;6.0775;44.7639
HIO;45.5404;-122.9498
HIR;-9.4183;160.0533
HIS;-20.06;148.8814
HKB;63.8676;-148.9688
HKK;-42.7136;170.9853
HKN;-5.4622;150.4049
HKY;35.7411;-81.3894
HLC;39.3789;-99.8314
HLG;40.175;-80.6464
HLN;46.6067;-111.9827
HLU;-21.2564;165.6175
HLZ;-37.8664;175.3353
HMB;22.5806;28.7207
HME;31.6739;6.1406
HMN;32.8517;-106.1017
HMO;29.0958;-111.0479
HNH;58.0961;-135.4097
HNL;21.3187;-157.9224
HNM;20.7956;-156.0144
HNS;59.2438;-135.5235
HOB;32.6875;-103.2169
HOD;14.7514;42.9761
HOF;25.2854;49.4853
HOG;20.7856;-76.315
HOH;47.3853;9.7006
HOI;-18.0644;-140.9569
HOM;59.6456;-151.4766
HON;44.3852;-98.2285
HOP;36.6686;-87.4961
HOQ;50.2888;11.8549
HOR;38.52;-28.7164
HOT;34.4781;-93.0961
HOU;29.6454;-95.2789
HOV;62.18;6.0743
HPA;-19.7781;-174.3467
HPB;61.5239;-166.1466
HPN;41.067;-73.7076
HQM;46.9712;-123.9365
HRE;-17.9328;31.0939
HRG;27.1786;33.8008
HRL;26.2285;-97.6544
HRM;32.9327;3.2981
HRO;36.2614;-93.1547
HSB;37.8113;-88.5503
HSI;40.6053;-98.4278
HSK;42.0809;-0.3235
HSL;65.6979;-156.3514
HST;25.4886;-80.3833
HSV;34.6372;-86.7751
HTL;44.3597;-84.6711
HTM;50.4519;100.167
HTS;38.3667;-82.558
HTY;36.5736;36.1539
HUA;34.6787;-86.6848
HUE;14.25;36.583
HUF;39.4633;-87.3125
HUH;-16.6881;-151.0261
HUL;46.1233;-67.7917
HUQ;29.1101;15.9656
HUS;66.0391;-154.2647
HUT;38.0654;-97.8606
HUX;15.7753;-96.2626
HUY;53.5744;-0.3508
HVA;-14.6297;47.7638
HVG;71.0097;25.9836
HVN;41.2638;-72.8868
HVR;48.5431;-109.7622
HWD;37.6589;-122.1217
HWN;-18.6339;27.0081
HYA;41.6694;-70.2803
HYG;55.2063;-132.8283
HYL;55.4816;-132.6461
HYS;38.8422;-99.2732
HZB;50.6167;2.64
HZK;65.9525;-17.4258
IAB;37.6229;-97.2733
IAD;38.9445;-77.4558
IAG;43.1073;-78.9462
IAH;29.9844;-95.3414
IAM;28.0514;9.6428
IAN;66.976;-160.4365
IAS;47.1788;27.62
IBL;-21.7058;35.4514
IBZ;38.8729;1.3731
ICI;-17.7433;-179.3422
ICR;20.6833;-75.5333
ICT;37.6499;-97.4331
IDA;43.5145;-112.0702
IEG;52.1385;15.7986
IFJ;66.0581;-23.1353
IFN;32.7508;51.8628
IFP;35.1611;-114.5595
IGA;20.975;-73.6669
IGG;59.324;-155.9018
IGL;38.5119;27.0108
IGM;35.2594;-113.9381
IHR;27.236;60.7196
IIA;53.0919;-9.57
IIL;33.5867;46.4047
IIS;-4.4997;154.2261
IKA;35.4161;51.1522
IKK;41.0714;-87.8464
IKO;52.9416;-168.849
ILD;41.7278;0.5358
ILF;56.0614;-95.6139
ILG;39.6787;-75.6065
ILI;59.7544;-154.911
ILM;34.2706;-77.9025
ILN;39.4279;-83.7921
ILP;-22.5889;167.4558
ILY;55.6819;-6.2567
ILZ;49.2333;18.6136
IML;40.5105;-101.6201
IMO;5.4247;7.2094
IMT;45.8184;-88.1145
INB;16.517;-88.433
INC;38.4819;106.0092
IND;39.7173;-86.2944
INE;30.3833;-9.55
INF;19.5689;5.7489
INH;-23.8667;35.4167
INI;43.3373;21.8537
INK;31.7797;-103.2014
INL;48.5662;-93.4031
INN;47.2603;11.3439
INT;36.1336;-80.2219
INU;-0.5467;166.9167
INV;57.5425;-4.0475
INW;35.0218;-110.7225
INZ;27.2536;2.51
IOA;39.6983;20.8225
IOM;54.0833;-4.6239
ION;1.5894;18.0467
IOQ;65.53;-38.98
IPA;-18.8783;169.3081
IPL;32.8342;-115.5787
IPT;41.2418;-76.9211
IRA;-10.449;161.897
IRC;65.8279;-144.0762
IRI;-7.6686;35.7521
IRK;40.093;-92.544
IRN;36.6633;51.4647
IRO;10.2333;22.7167
IRP;2.8276;27.5883
ISC;49.9133;-6.2917
ISE;37.865;30.3819
ISM;28.2898;-81.437
ISN;48.1783;-103.6417
ISO;35.3314;-77.6088
ISP;40.7953;-73.1002
IST;40.9761;28.8139
ITH;42.4911;-76.4586
ITO;19.7203;-155.0485
IUE;-19.08;-169.925
IUI;73.1997;-56.0472
IVC;-46.415;168.32
IVL;68.6108;27.4139
IWD;46.5275;-90.1314
IYK;35.6588;-117.8295
JAA;34.3972;70.495
JAC;43.6073;-110.7378
JAL;19.4751;-96.7975
JAN;32.3111;-90.0759
JAQ;-5.6525;151.5069
JAV;69.2432;-51.0571
JAX;30.4941;-81.6879
JBQ;18.5725;-69.9856
JBR;35.8317;-90.6464
JCH;68.8172;-51.1747
JCT;30.5114;-99.7636
JCU;35.8992;-5.3383
JDN;47.3287;-106.9527
JED;21.6811;39.1555
JEG;68.7218;-52.7847
JEJ;7.583;168.917
JER;49.2079;-2.1955
JFK;40.6397;-73.7789
JFR;61.9922;-49.6625
JGD;50.375;124.117
JGO;69.2511;-53.5381
JGS;26.899;114.737
JHM;20.9636;-156.673
JHS;66.9513;-53.7293
JHW;42.1533;-79.2581
JIB;11.5473;43.1593
JIC;31.5;102.5
JIJ;9.333;42.717
JIK;37.6836;26.3478
JIM;7.671;37.8258
JIN;2.8;32.2667
JIQ;29.5252;108.7552
JJM;0.0831;37.6497
JJU;60.7158;-46.0294
JKH;38.3408;26.1389
JKL;36.96;26.96
JLN;37.1519;-94.4983
JMK;37.4373;25.3473
JMS;46.9297;-98.6782
JNB;-26.1337;28.2423
JNN;60.14;-45.2317
JNS;60.9167;-46.0586
JNU;58.355;-134.5763
JNX;37.08;25.368
JOE;62.6589;29.6244
JOM;-9.35;34.8
JOT;41.5178;-88.1756
JQA;70.7342;-52.6962
JQE;7.5178;-78.1572
JRB;40.7012;-74.009
JRF;21.3074;-158.0703
JRO;-3.4294;37.0745
JRS;31.8647;35.2192
JSH;35.2222;26.1028
JSI;39.1783;23.5042
JST;40.3161;-78.8339
JSU;65.4125;-52.9394
JSY;37.4236;24.95
JTR;36.3992;25.4792
JTY;36.5799;26.3758
JUB;4.872;31.6011
JUH;30.7403;117.6867
JUI;53.6811;7.0564
JUK;71.0553;-51.8833
JUV;72.7902;-56.1306
JVA;-18.8;45.283
JWA;-24.6;24.6667
JWN;36.7747;48.3592
JXN;42.2598;-84.4594
JYR;27.75;58
JYV;62.4008;25.6728
KAA;-10.2164;31.1395
KAB;-16.5192;28.8856
KAC;37.0306;41.2052
KAJ;64.2842;27.6875
KAL;64.319;-158.7413
KAO;65.9903;29.2319
KAT;-35.07;173.2853
KAU;63.1242;23.0514
KBL;34.5658;69.2125
KBT;8.9;170.85
KCC;56.0148;-132.8339
KCG;56.3178;-158.5909
KCL;56.3112;-158.5359
KCM;37.5397;36.9536
KCO;40.735;30.0833
KCQ;56.3115;-158.3732
KCU;1.75;31.75
KCZ;33.5444;133.6713
KDC;11.15;2.95
KDH;31.5136;65.8611
KDL;58.9908;22.8308
KDR;-6.183;149.533
KDV;-19.0581;178.1569
KDZ;7.2;80.4333
KEB;59.3521;-151.9252
KED;16.15;-13.5167
KEF;63.985;-22.6056
KEK;59.3568;-157.4711
KEL;54.3794;10.1451
KEM;65.7792;24.5847
KER;30.2744;56.9511
KEV;61.8564;24.7892
KFA;16.5833;-11.4
KFP;54.8474;-163.4103
KFS;41.3056;33.7911
KGA;-5.9;22.4692
KGE;-7.333;157.583
KGG;12.5667;-12.2167
KGJ;-9.9547;33.8958
KGK;59.7266;-157.2595
KGL;-1.9676;30.1335
KGQ;72.38;-55.5453
KGS;36.7947;27.0911
KGW;-9.1;147.65
KGX;62.8946;-160.0649
KHD;33.4386;48.2808
KHJ;62.4633;22.3911
KHK;29.2603;50.3239
KHQ;74.5794;-57.2353
KHY;38.4275;44.9736
KHZ;-15.7667;-145.1167
KIA;-6.3039;155.7228
KIF;53.0125;-89.8553
KIH;26.5275;53.9792
KIN;17.9357;-76.7875
KIR;52.1809;-9.5238
KIS;-0.0853;34.73
KIT;36.2917;23.025
KIV;46.9283;28.9333
KIW;-12.9;28.15
KJK;50.8172;3.2047
KKA;64.9395;-161.1543
KKB;58.1909;-152.3705
KKD;-8.883;147.717
KKE;-35.2628;173.9119
KKH;59.9608;-162.8812
KKN;69.7251;29.8877
KKR;-15.6667;-146.8833
KKU;58.8112;-158.5588
KKW;-5.0333;18.7833
KLC;14.15;-16.05
KLG;61.5363;-160.3413
KLL;59.1281;-156.8586
KLM;37.3833;55.452
KLN;57.53;-154
KLU;46.6428;14.3372
KLV;50.2031;12.915
KLW;55.5792;-133.076
KLX;37.0684;22.0253
KMA;-7.9636;145.7714
KMC;27.9009;45.5282
KME;-2.4531;28.9096
KMN;-8.6267;25.2481
KMO;58.9902;-159.0499
KMP;-26.5389;18.1117
KMU;-0.3458;42.4672
KMX;18.3011;42.8009
KND;-2.9192;25.9154
KNF;52.6484;0.5504
KNK;59.4331;-154.8037
KNQ;-21.0533;164.8378
KNR;27.8219;52.3522
KNW;59.4515;-157.3732
KOA;19.7389;-156.0457
KOC;-20.5464;164.2556
KOI;58.9578;-2.905
KOK;63.7203;23.1392
KOO;-5.3944;26.99
KOT;63.0306;-163.5326
KOU;-1.1846;12.4413
KOY;57.1615;-154.2298
KOZ;57.9229;-152.5005
KPB;56.3519;-133.6226
KPC;65.2537;-166.8585
KPN;59.933;-164.0305
KPR;58.4901;-152.5822
KPV;55.9067;-159.1608
KPY;57.9301;-153.0406
KQA;54.1325;-165.7853
KRC;-1.7;101.267
KRI;-7.417;144.233
KRK;50.0777;19.7848
KRS;58.2039;8.085
KRT;15.5904;32.5532
KSC;48.6631;21.2411
KSE;0.1831;30.1014
KSF;51.4084;9.3776
KSH;34.3469;47.1564
KSJ;35.4214;26.91
KSL;15.3875;36.3288
KSM;62.0608;-163.3018
KSO;40.4463;21.2822
KSS;11.5982;-5.7989
KSU;63.1119;7.8261
KSY;40.5586;43.0989
KTL;0.8972;34.9508
KTN;55.3556;-131.7137
KTP;17.9886;-76.8238
KTQ;62.1661;30.0756
KTS;65.3333;-166.4833
KTT;67.6986;24.8481
KTW;50.4743;19.08
KUK;60.8733;-162.5243
KUO;63.0086;27.7944
KUS;65.5736;-37.1236
KUZ;65.85;-37.07
KVA;40.9139;24.6197
KVC;55.1163;-162.2662
KVG;-2.5812;150.818
KVL;67.7362;-164.5635
KWI;29.2266;47.9689
KWK;59.8367;-163.1403
KWN;59.7551;-161.8454
KWT;60.8;-161.45
KWZ;-10.7667;25.5
KXF;-17.3458;179.4219
KXU;-16.1191;-146.3688
KYA;37.9822;32.5664
KYE;34.5861;36.0028
KYK;57.5661;-154.4539
KYS;14.4817;-11.4047
KYU;64.8758;-157.7304
KZI;40.2858;21.8417
KZR;39.1114;30.13
KZS;36.1278;29.5667
LAD;-8.8577;13.2283
LAE;-6.5719;146.7326
LAF;40.4123;-86.9369
LAI;48.755;-3.4744
LAK;68.2233;-135.0058
LAL;27.9889;-82.0186
LAM;33.79;-118.052
LAN;42.7783;-84.5867
LAP;24.0727;-110.3625
LAQ;32.7942;21.9639
LAR;41.3119;-105.675
LAS;36.0804;-115.1523
LAU;-2.2524;40.9131
LAW;34.5677;-98.4166
LAX;33.9425;-118.4081
LBA;53.8659;-1.6606
LBB;33.6633;-101.8233
LBC;53.8054;10.7192
LBE;40.2761;-79.4047
LBF;41.1262;-100.6837
LBG;48.9694;2.4414
LBI;43.9133;2.1167
LBL;37.0442;-100.9599
LBP;3.1833;115.45
LBS;-16.4667;179.3399
LBV;0.4584;9.4123
LCC;40.2386;18.1331
LCE;15.7417;-86.8561
LCG;43.3021;-8.3773
LCH;30.1261;-93.2234
LCI;43.5736;-71.4189
LCJ;51.7219;19.3981
LCK;39.8138;-82.9278
LCL;22.335;-83.6433
LCQ;30.182;-82.5769
LCR;-1;-73
LCY;51.5053;0.0544
LDE;43.1856;-0.0028
LDV;48.5303;-4.1517
LDY;55.0428;-7.1608
LEB;43.6261;-72.3042
LEH;49.5339;0.0881
LEI;36.8439;-2.3701
LEJ;51.424;12.2364
LEK;11.3261;-12.2868
LEN;42.5886;-5.6562
LEQ;50.1028;-5.6706
LEV;-17.7111;178.7586
LEX;38.0365;-84.6059
LEY;52.4603;5.5272
LFB;-15.0331;40.6717
LFI;37.0828;-76.3604
LFK;31.2339;-95.75
LFM;27.3728;53.1889
LFT;30.2052;-91.9876
LFW;6.1658;1.2542
LGA;40.7773;-73.8727
LGB;33.8177;-118.1516
LGC;33.0089;-85.0726
LGG;50.6364;5.4428
LGI;23.179;-75.0936
LGU;41.7878;-111.8528
LGW;51.1481;-0.1903
LHR;51.4775;-0.4614
LIC;39.2728;-103.6664
LID;52.1672;4.4183
LIF;-20.775;167.2397
LIG;45.8608;1.1803
LIH;21.976;-159.339
LIK;9.8167;169.3167
LIL;50.5633;3.0869
LIN;45.4494;9.2783
LIO;9.9581;-83.0219
LIR;10.5933;-85.5444
LIS;38.7742;-9.1342
LIT;34.7294;-92.2242
LIZ;46.9504;-67.8859
LJA;-3.4631;23.6156
LJU;46.2245;14.456
LKB;-18.1992;-178.8169
LKG;4.2;34.35
LKL;70.0667;24.9739
LKN;68.1525;13.6094
LKY;-3.3763;35.8183
LKZ;52.4093;0.561
LLI;11.975;38.98
LLU;60.4644;-45.5778
LLW;-13.7834;33.7776
LMA;63.886;-152.3019
LMC;3.317;-73.9
LME;47.9486;0.2017
LML;8.9167;166.25
LMM;25.6861;-109.0812
LMO;57.705;-3.3383
LMP;35.4989;12.6189
LMS;33.1462;-89.0625
LMT;42.1561;-121.7332
LMY;-7;141.483
LNB;-16.5842;168.1592
LND;42.8152;-108.7298
LNE;-15.865;168.171
LNJ;23.9;100.0333
LNK;40.851;-96.7592
LNS;40.1217;-76.2961
LNV;-3.0436;152.6289
LNY;20.7856;-156.9514
LNZ;48.2353;14.1881
LOD;-15.3067;167.9672
LOK;3.122;35.6087
LOL;40.0664;-118.5652
LOO;33.764;2.9273
LOT;41.6073;-88.0962
LOU;38.228;-85.6637
LOV;26.9557;-101.4701
LOZ;37.087;-84.0773
LPA;27.9319;-15.3866
LPL;53.3336;-2.8497
LPM;-16.454;167.823
LPP;61.0458;28.1486
LPY;45.0797;3.7633
LQN;34.9875;63.1183
LRA;39.6486;22.4486
LRD;27.5437;-99.4615
LRF;34.9165;-92.1463
LRH;46.1792;-1.1953
LRL;9.7775;1.0956
LRM;18.4507;-68.9118
LRR;27.6731;54.3872
LRS;37.1847;26.8017
LRT;47.7606;-3.44
LRU;32.2936;-106.9256
LSA;-8.5;151.067
LSE;43.8797;-91.2569
LSF;32.3383;-84.9917
LSI;59.8789;-1.2956
LSK;60.7167;114.8167
LSV;36.2362;-115.0343
LTA;-23.8167;30.3267
LTB;-38.2067;146.47
LTD;30.1517;9.7153
LTK;35.4097;35.9461
LTN;51.8747;-0.3683
LTO;25.9806;-111.3494
LTQ;50.5147;1.6275
LTS;34.6503;-99.2667
LTT;43.2064;6.4825
LUC;-16.7481;-179.6669
LUD;-26.6853;15.2456
LUF;33.535;-112.3832
LUK;39.1033;-84.4186
LUN;-15.3267;28.4558
LUO;-11.7687;19.8971
LUP;21.211;-156.9736
LUR;68.8752;-166.11
LUX;49.6233;6.2044
LUZ;51.2319;22.6903
LVA;48.0322;-0.7428
LVI;-17.8123;25.82
LVM;45.6994;-110.4483
LVP;26.8103;53.3561
LVS;35.6542;-105.1422
LWB;37.8583;-80.3995
LWM;42.7175;-71.1281
LWR;53.2261;5.7539
LWS;46.3745;-117.0154
LWT;47.0493;-109.4667
LXR;25.6708;32.7064
LXS;39.9172;25.2364
LXU;-14.3667;23.2583
LXV;39.2203;-106.3167
LYB;19.667;-80.083
LYE;51.5052;-1.9934
LYH;37.3269;-79.2004
LYN;45.7294;4.9389
LYR;78.2461;15.4656
LYS;45.7256;5.0811
LYX;50.9561;0.9392
LZC;18.0017;-102.2205
LZU;34.0808;-84.0738
MAD;40.4722;-3.5609
MAF;31.9425;-102.202
MAG;-5.2092;145.7875
MAH;39.8626;4.2186
MAK;9.559;31.6522
MAM;25.7706;-97.525
MAN;53.3537;-2.275
MAS;-2.0619;147.4242
MAT;-5.8;13.433
MAU;-16.4264;-152.2433
MAV;8.75;171.1
MBA;-4.0288;39.5978
MBG;45.5464;-100.4081
MBI;-8.9151;33.4567
MBJ;18.5037;-77.9134
MBL;44.2724;-86.2469
MBS;43.5331;-84.0797
MBU;-9.7475;159.8394
MBX;46.4799;15.6861
MCA;8.4844;-9.5368
MCB;31.1786;-90.4719
MCE;37.2847;-120.5139
MCF;27.8493;-82.5212
MCG;62.9528;-155.6058
MCI;39.2976;-94.7139
MCK;40.2063;-100.5921
MCM;43.7256;7.4203
MCN;32.6929;-83.6492
MCO;28.4294;-81.309
MCW;43.1578;-93.3314
MDK;0.0225;18.2888
MDS;21.833;-71.817
MDT;40.1935;-76.7633
MDU;-6.1477;143.6572
MDW;41.786;-87.7524
MED;24.5524;39.7056
MEE;-21.4817;168.0378
MEG;-9.5167;16.3167
MEH;71.0297;27.8267
MEI;32.3326;-88.7518
MEM;35.0435;-89.9767
MEN;44.5042;3.5275
MEX;19.4363;-99.0722
MFD;40.8217;-82.5167
MFE;26.1758;-98.2386
MFF;-13.3333;13.2667
MFJ;-18.5667;179.9511
MFQ;13.5;7.1333
MFR;42.3742;-122.8734
MFU;-13.2667;31.9333
MGA;12.1406;-86.1711
MGE;33.915;-84.5167
MGL;51.2304;6.5045
MGM;32.3006;-86.3939
MGQ;2.0133;45.305
MGS;-21.8956;-157.9053
MGW;39.6431;-79.9164
MHD;36.2342;59.645
MHG;49.4727;8.5143
MHH;26.5114;-77.0835
MHK;39.1412;-96.6708
MHQ;60.1219;19.8964
MHR;38.5539;-121.2976
MHT;42.9326;-71.4357
MHV;35.0594;-118.1519
MHZ;52.3619;0.4864
MIA;25.7933;-80.2906
MIB;48.415;-101.3567
MID;20.937;-89.6577
MIJ;6.0833;171.75
MIK;61.6864;27.2
MIP;30.7761;34.6667
MIR;35.7581;10.7547
MIS;-10.6929;152.8404
MIV;39.3678;-75.0722
MJA;-21.417;44.317
MJB;10.2833;170.8833
MJE;7.8333;168.1667
MJF;65.7836;13.2153
MJI;32.8944;13.2778
MJL;-1.85;11.0667
MJM;-6.1167;23.5667
MJN;-15.6666;46.3511
MJT;39.0578;26.5986
MJV;37.775;-0.8124
MKC;39.1232;-94.5927
MKE;42.9472;-87.8966
MKG;43.1695;-86.2382
MKJ;-0.0192;15.5819
MKK;21.1529;-157.0963
MKL;35.5998;-88.9156
MKP;-16.5833;-143.65
MKU;0.5833;12.9167
MLA;35.8575;14.4775
MLB;28.1027;-80.6295
MLC;34.8822;-95.7833
MLI;41.4485;-90.5075
MLL;61.8833;-162.0667
MLM;19.8499;-101.0254
MLN;35.2798;-2.9563
MLO;36.6961;24.4775
MLS;46.4281;-105.8856
MLU;32.5117;-92.0383
MLW;6.2843;-10.7668
MLX;38.4322;38.0831
MLY;64.9976;-150.6441
MME;54.5092;-1.4294
MMH;37.624;-118.8378
MMO;15.1558;-23.2136
MMT;33.9208;-80.8011
MMU;40.7992;-74.415
MMV;-9.0802;147.6028
MMZ;35.9386;64.7692
MNB;-5.9309;12.3518
MNF;-17.6731;177.0983
MNH;8.05;80.9711
MNJ;-21.2018;48.3583
MNR;-15.225;23.1528
MNS;-11.1333;28.8667
MNT;65.1437;-149.37
MNY;-7.35;155.5
MOA;20.6542;-74.9219
MOI;-19.8425;-157.7033
MOL;62.7447;7.2625
MON;-43.765;170.1333
MOQ;-20.2847;44.3176
MOT;48.2594;-101.2803
MOU;62.0954;-163.6821
MOZ;-17.4917;-149.7606
MPA;-17.6342;24.1767
MPI;9.167;-77.967
MPL;43.5833;3.9614
MPM;-25.9319;32.5764
MPN;-51.8233;-58.4467
MPP;8.933;-77.733
MPV;44.2035;-72.5623
MQB;40.5203;-90.6522
MQM;37.2328;40.6406
MQN;66.25;14.3014
MQQ;8.6203;16.0683
MQX;13.4733;39.5182
MQY;36.009;-86.52
MRA;32.325;15.061
MRB;39.4019;-77.9844
MRE;-1.167;35.083
MRM;-9.2;147.617
MRO;-40.9733;175.6336
MRS;43.4367;5.215
MRU;-20.43;57.6831
MRW;54.7;11.4414
MRX;30.5589;49.1506
MRY;36.587;-121.8429
MSA;53.4411;-91.7631
MSE;51.3422;1.3461
MSL;34.7453;-87.6103
MSN;43.1399;-89.3375
MSO;46.9163;-114.0906
MSP;44.882;-93.2218
MSR;38.7447;41.6539
MSS;44.9358;-74.8456
MST;50.9158;5.7769
MSU;-29.4437;27.5575
MSW;15.6711;39.368
MSY;29.9934;-90.258
MSZ;-15.2612;12.1468
MTH;24.7262;-81.0514
MTJ;38.5098;-107.8942
MTM;55.131;-131.5781
MTN;39.3256;-76.4139
MTP;41.0765;-71.9208
MTS;-26.5239;31.3111
MTT;18.1033;-94.5806
MTV;-13.666;167.712
MTY;25.7759;-100.1065
MUA;-8.327;157.263
MUB;-19.9725;23.4281
MUC;48.3538;11.7861
MUE;20.0013;-155.6681
MUH;31.3253;27.2217
MUK;-20.1361;-157.3453
MUO;43.0435;-115.8726
MUW;35.2169;0.1483
MUZ;-1.483;33.8
MVB;-1.6519;13.4347
MVR;10.4547;14.2531
MVT;-14.8658;-148.7161
MVY;41.393;-70.6143
MVZ;-20.0595;30.8619
MWA;37.755;-89.0111
MWE;18.4554;31.8187
MWF;-14.9972;168.0811
MWH;47.2077;-119.3202
MWL;32.7817;-98.0603
MWZ;-2.4441;32.9319
MXF;32.4639;-86.3661
MXH;-6.3633;143.2381
MXL;32.6307;-115.2419
MXM;-21.7539;43.3755
MXN;48.6008;-3.8167
MXP;45.63;8.7231
MXT;-18.05;44.033
MYD;-3.2232;40.1005
MYG;22.3795;-73.0135
MYL;44.8897;-116.1014
MYN;15.4681;45.3278
MYR;33.6797;-78.9283
MYU;60.3714;-166.2706
MYV;39.0983;-121.57
MYW;-10.3361;40.182
MZB;-11.35;40.35
MZH;40.8325;35.5164
MZI;14.5086;-4.0842
MZJ;32.5098;-111.3253
MZM;49.0764;6.1339
MZO;20.2881;-77.0892
MZR;36.7042;67.2083
MZT;23.1614;-106.2644
MZW;33.5219;-0.2831
NAE;10.3833;1.3667
NAN;-17.7564;177.4436
NAP;40.8844;14.2908
NAQ;77.4887;-69.3887
NAS;25.039;-77.4662
NAU;-14.1768;-141.2673
NAV;38.7764;34.5264
NAZ;-10.7833;162.3
NBG;29.8253;-90.035
NBO;-1.3192;36.9278
NBS;42.0881;127.5489
NBW;19.9067;-75.2067
NCA;21.9176;-71.9396
NCE;43.6653;7.215
NCL;55.0375;-1.6917
NCY;45.9308;6.1064
NDB;20.9283;-17.0311
NDE;3.933;41.85
NDJ;12.1249;15.0248
NDK;5.633;168.116
NDR;34.9892;-3.0278
NDU;-17.9561;19.7206
NDY;59.2503;-2.5767
NEG;18.3642;-78.3056
NEW;30.0424;-90.0283
NFL;39.4166;-118.701
NFO;-15.6;-175.65
NGE;7.3592;13.56
NGF;21.4517;-157.77
NGI;-18.1156;179.3397
NGU;36.9377;-76.2893
NGZ;37.79;-122.325
NHF;15.3556;35.7278
NHT;51.5531;-0.4183
NHV;-8.7947;-140.2231
NHZ;43.8917;-69.9425
NIB;63.0186;-154.3584
NIM;13.4817;2.1703
NIP;30.235;-81.6767
NIQ;70.7917;-53.6667
NIU;-16.119;-146.368
NJK;32.8292;-115.6717
NKC;18.0956;-15.95
NKI;55.85;-133.183
NKT;34.9009;-76.8807
NKW;-7.3133;72.41
NKX;32.8684;-117.1425
NLA;-12.9956;28.6656
NLD;27.4434;-99.5699
NLG;56.0075;-161.1604
NLO;-4.3167;15.3167
NME;60.471;-164.7008
NNB;-10.85;162.4622
NNL;59.9802;-154.8392
NOB;9.9765;-85.653
NOC;53.9103;-8.8185
NOG;31.2261;-110.9758
NOP;42.0158;35.0664
NOS;-13.3181;48.3092
NOU;-22.0164;166.2161
NOV;-12.8;15.7112
NPA;30.3533;-87.32
NPE;-39.4658;176.87
NPL;-39.0086;174.1792
NQX;24.5817;-81.6928
NQY;50.4406;-4.9954
NRD;53.7068;7.2302
NRL;59.3683;-2.4333
NRN;51.6024;6.1422
NSB;25.7;-76.2667
NSH;36.6633;51.4647
NSI;3.7172;11.5525
NSN;-41.2983;173.2211
NSQ;74.11;-57.065
NSY;37.4033;14.9217
NTB;59.5655;9.2123
NTD;34.1203;-119.121
NTE;47.1569;-1.6078
NTG;32.0708;120.9756
NTR;25.8656;-100.2372
NTT;-15.9767;-173.755
NTY;-25.3335;27.1716
NUD;12.6667;28.3333
NUE;49.4987;11.0669
NUI;70.21;-151.0055
NUK;-19.285;-138.7722
NUL;64.7293;-158.0742
NUP;60.9058;-162.4391
NUQ;37.4161;-122.0491
NUS;-16.0797;167.4006
NUU;-0.2997;36.1606
NUW;48.3518;-122.6559
NVK;68.4369;17.3867
NVS;47.0036;3.1108
NWA;-12.1333;44.4333
NWI;52.6758;1.2828
NYK;-0.067;37.033
NZE;7.806;-8.7018
NZY;32.6992;-117.2153
OAI;34.9463;69.265
OAJ;34.8292;-77.6121
OAK;37.7213;-122.2207
OAM;-44.97;171.0817
OAX;16.9986;-96.726
OBF;48.0831;11.2833
OBL;51.2656;4.7547
OBN;56.4635;-5.3997
OBS;44.5394;4.3717
OBU;66.9123;-156.8973
OBX;-7.583;141.317
OBY;70.485;-21.9806
ODB;37.842;-4.8489
ODE;55.4767;10.3309
ODH;51.2336;-0.9414
ODW;48.2515;-122.6737
OFF;41.1183;-95.9125
OFK;41.9856;-97.4353
OGD;41.1961;-112.0122
OGG;20.8987;-156.4305
OGS;44.6819;-75.4656
OGX;31.9172;5.4128
OHA;-40.2067;175.3869
OHD;41.1799;20.7423
OKC;35.3931;-97.6007
OKH;52.7357;-0.6488
OKS;41.4;-102.35
OLA;63.6992;9.6039
OLB;40.8986;9.5178
OLD;44.9542;-68.6794
OLF;48.0944;-105.5917
OLJ;-14.8817;166.5581
OLL;-1.2215;15.9136
OLM;46.9694;-122.9025
OLS;31.4178;-110.8478
OLV;34.9789;-89.7869
OMA;41.3032;-95.8941
OMB;-1.5747;9.2627
OMD;-28.5847;16.4467
OME;64.5122;-165.4452
OMF;32.35;36.25
OMH;37.6714;45.0692
OMO;43.2829;17.8459
OMR;47.0253;21.9024
ONB;-8.583;147.2
OND;-17.8772;15.95
ONL;42.4697;-98.6881
ONP;44.5804;-124.0579
ONQ;41.5158;32.0997
ONT;34.056;-117.6012
ONX;9.3556;-79.8675
OOK;60.5414;-165.0872
OPF;25.9067;-80.2783
OPO;41.2356;-8.6781
OPU;-8.05;142.933
ORD;41.9786;-87.9048
ORE;47.9878;1.7606
ORF;36.8946;-76.2012
ORH;42.2667;-71.875
ORK;51.8414;-8.4911
ORL;28.5455;-81.3329
ORN;35.6272;-0.6114
ORP;-21.2667;25.3167
ORT;62.9613;-141.9292
ORV;66.8175;-161.0223
ORZ;18.067;-88.567
OSC;44.4515;-83.394
OSH;43.9844;-88.5571
OSL;60.2028;11.0839
OSP;54.4789;17.1075
OSR;49.6961;18.1108
OST;51.1989;2.8622
OSY;64.4722;11.5786
OSZ;54.25;16.25
OTD;8.617;-79.033
OTH;43.4171;-124.246
OTM;41.1066;-92.4479
OTP;44.571;26.0851
OTR;8.6016;-82.9686
OTZ;66.8847;-162.5985
OUD;34.7861;-1.9256
OUE;1.6167;16.0333
OUH;-33.6;22.1833
OUL;64.9292;25.3556
OUR;4.4667;14.3667
OUZ;22.7564;-12.4836
OVD;43.5636;-6.0346
OWB;37.7401;-87.1668
OXB;11.8886;-15.6556
OXF;51.8369;-1.32
OXR;34.2008;-119.2072
OYE;1.5431;11.5814
OZG;30.269;-5.8525
OZP;37.175;-5.615
OZZ;30.9371;-6.9059
PAC;8.9733;-79.5556
PAD;51.6141;8.6163
PAE;47.9063;-122.2816
PAF;2.2022;31.5544
PAH;37.0603;-88.773
PAK;15.1333;105.7833
PAM;30.07;-85.5765
PAP;18.5792;-72.2956
PAS;37.0133;25.1267
PAZ;20.6021;-97.4606
PBC;19.1581;-98.3715
PBF;34.1731;-91.9356
PBG;44.6509;-73.4681
PBI;26.6832;-80.0956
PBJ;-16.439;168.257
PBP;9.8561;-85.3708
PBR;15.7367;-88.595
PBZ;-34.0903;23.3278
PCA;58.9065;-157.7141
PCP;1.6672;7.4114
PDB;59.7896;-154.1238
PDK;33.8756;-84.302
PDL;37.7419;-25.6978
PDS;28.6283;-100.5361
PDT;45.6951;-118.8414
PDX;45.5887;-122.5975
PEC;57.9552;-136.2363
PED;50.0133;15.7386
PEG;43.0983;12.5111
PEU;15.2622;-83.7812
PFQ;39.6503;47.9142
PFR;-4.3167;20.6
PGA;36.9261;-111.4484
PGD;26.9196;-81.9906
PGF;42.7408;2.8697
PGM;59.3483;-151.8315
PGU;27.4811;52.6
PGV;35.6352;-77.3853
PGX;45.1975;0.8153
PHF;37.1319;-76.493
PHG;4.85;7.0167
PHL;39.8719;-75.2411
PHN;42.911;-82.5289
PHO;68.3488;-166.7994
PHP;44.0486;-101.5991
PHT;39.7002;-87.6696
PHW;-23.9372;31.1554
PHX;33.4342;-112.0115
PIA;40.6642;-89.6933
PIB;31.4671;-89.3371
PIE;27.9101;-82.6873
PIH;42.9098;-112.5959
PIK;55.5094;-4.5944
PIP;57.5804;-157.572
PIR;44.3827;-100.286
PIS;46.5875;0.3067
PIT;40.4915;-80.2329
PIW;55.5889;-97.1642
PIX;38.5543;-28.4413
PJM;8.5356;-83.2997
PKA;60.7029;-161.7783
PKB;39.3451;-81.4392
PKD;46.9006;-95.0731
PKO;9.3572;2.6092
PKW;-22.0556;27.8203
PLB;44.6875;-73.5245
PLD;10.25;-85.417
PLH;50.4228;-4.1058
PLJ;16.533;-88.35
PLN;45.5709;-84.7967
PLS;21.7736;-72.2659
PLZ;-33.99;25.6103
PMA;-5.2548;39.8094
PMD;34.6294;-118.0846
PMF;44.8222;10.2953
PMI;39.5517;2.7388
PML;56.006;-160.5608
PMO;38.1819;13.0994
PMR;-40.3206;175.6169
PMS;34.55;38.3
PMZ;8.951;-83.4686
PNA;42.77;-1.6463
PNC;36.732;-97.0998
PND;16.1;-88.8
PNE;40.0819;-75.0106
PNL;36.8133;11.9608
PNP;-8.8075;148.3149
PNR;-4.8147;11.8864
PNS;30.4734;-87.1864
POB;35.1708;-79.0145
POD;16.683;-14.967
POF;36.7739;-90.3248
POG;-0.7192;8.7514
POL;-12.9833;40.5167
POM;-9.4415;147.2205
POP;19.7578;-70.5699
POR;61.4614;21.7978
POT;18.1967;-76.5361
POU;41.6266;-73.8842
POW;45.4734;13.615
POX;49.0967;2.0408
POZ;52.421;16.8263
PPE;31.3519;-113.5257
PPG;-14.331;-170.7094
PPQ;-40.9047;174.9892
PPT;-17.5567;-149.6114
PPV;56.3288;-133.6101
PPW;59.3517;-2.9003
PQI;46.6883;-68.045
PQM;17.5334;-91.9845
PQS;61.9346;-162.8996
PRB;35.6729;-120.6271
PRC;34.6545;-112.4196
PRG;50.1008;14.26
PRI;-4.3192;55.6916
PRM;37.1499;-8.584
PRN;42.5728;21.0358
PRQ;-26.7565;-60.4931
PRS;-9.6417;161.4253
PRV;49.4259;17.4048
PSA;43.6827;10.3955
PSC;46.2646;-119.119
PSD;31.2794;32.24
PSF;39.6389;-90.7784
PSG;56.8017;-132.9453
PSL;56.4392;-3.3722
PSM;43.078;-70.8233
PSP;33.8296;-116.5067
PSR;42.4372;14.1872
PSX;28.7275;-96.251
PTF;-17.7779;177.1967
PTG;-23.8453;29.4585
PTH;56.9591;-158.6334
PTK;42.6655;-83.4201
PTU;59.0114;-161.8197
PTY;9.0714;-79.3833
PUB;38.29;-104.4967
PUC;39.6139;-110.7514
PUE;8.667;-77.417
PUF;43.38;-0.4186
PUJ;18.5674;-68.3634
PUM;-3.667;119.8
PUV;-20.2892;164.0994
PUW;46.7439;-117.1096
PUZ;14.0462;-83.3877
PVC;42.072;-70.2214
PVD;41.724;-71.4282
PVE;9.5653;-78.9533
PVK;38.9261;20.7667
PVR;20.68;-105.2542
PVU;40.2192;-111.7234
PWA;35.5342;-97.6471
PWK;42.1142;-87.9015
PWM;43.6462;-70.3093
PXM;15.8769;-97.0891
PXO;33.0708;-16.3497
PYC;8.617;-79.733
PYR;37.9253;21.2914
PZB;-29.65;30.4
PZE;50.128;-5.518
PZI;26.5423;101.7985
PZU;19.4336;37.2341
PZY;48.625;17.8286
QAQ;42.3806;13.3103
QBC;52.3875;-126.5958
QCU;68.7436;-52.3286
QFG;60.6242;-45.9142
QFI;68.1481;-53.1722
QGQ;67.9406;-53.6228
QJB;27.039;49.4051
QJE;68.8567;-53.125
QJI;68.6322;-51.8336
QLF;61.1442;25.6931
QLR;39.8284;-8.8874
QLT;41.5456;12.9092
QOQ;60.5378;-46.0247
QPA;45.3953;11.8483
QPW;68.3067;-53.4717
QRO;20.6174;-100.1857
QRW;5.5961;5.8178
QRY;68.15;-53.45
QSA;41.5209;2.105
QSF;36.1781;5.3245
QSR;40.6211;14.9133
QUB;26.5675;12.8231
RAB;-4.3405;152.3797
RAE;30.9066;41.1383
RAH;29.6263;43.4907
RAI;14.9411;-23.4847
RAK;31.6086;-8.0408
RAR;-21.2006;-159.7906
RAS;37.3233;49.6178
RBM;48.901;12.5182
RBQ;-14.4275;-67.4981
RBV;-8.15;157.637
RBX;6.84;29.65
RBY;64.7272;-155.4699
RCB;-28.7402;32.0934
RCL;-15.472;167.835
RCO;45.8894;-0.9825
RCY;23.6844;-74.8361
RDZ;44.4075;2.4833
REA;-18.4633;-136.4431
REB;53.3086;12.7536
REG;38.0731;15.6544
RET;67.5278;12.1033
REU;41.1474;1.1672
REX;26.0083;-98.2283
RFP;-16.7231;-151.4669
RGI;-14.9553;-147.6578
RGS;42.35;-3.62
RHE;49.3103;4.0508
RHO;36.4053;28.0861
RIN;-8.1264;157.1425
RIY;14.6622;49.375
RJL;42.4605;-2.3205
RJN;30.2975;56.0508
RKA;-15.4833;-145.46
RKE;55.5856;12.1314
RKT;25.6133;55.9389
RKV;64.13;-21.9406
RKZ;29.3517;89.3068
RLA;38.1274;-91.7695
RMF;25.5572;34.5836
RMI;44.0194;12.6094
RMT;-22.64;-152.81
RNA;-9.853;161.97
RNE;46.0528;3.9997
RNL;-11.5339;160.0633
RNM;33.0392;-116.9152
RNN;55.0633;14.7596
RNP;11.1572;166.8872
RNS;48.0719;-1.7322
ROB;6.2404;-10.3599
ROP;14.1743;145.2425
ROT;-38.1092;176.3172
RPN;32.98;35.5733
RRG;-19.7578;63.3619
RRR;-16.051;-142.477
RRS;62.579;11.345
RSD;24.8917;-76.1777
RSH;61.7749;-161.3194
RTA;-12.4828;177.0711
RTB;16.3183;-86.5219
RTM;51.9569;4.4372
RUA;3.05;30.9167
RUD;36.4167;54.9667
RUE;0.15;29.2833
RUH;24.9626;46.708
RUN;-20.89;55.5164
RUR;-22.4308;-151.3678
RUS;-9.8667;160.8333
RVA;-22.8053;47.8206
RVK;64.85;11.233
RVN;66.5617;25.8308
RVV;-23.8839;-147.6644
RYG;59.3788;10.7855
RZE;50.11;22.019
RZR;36.9092;50.68
RZS;33.6403;73.8569
SAE;70.8117;-51.6333
SAH;15.4792;44.2197
SAK;65.7317;-19.5728
SAL;13.4409;-89.0558
SAP;15.4526;-87.9236
SAQ;25.0538;-78.049
SAW;40.8983;29.3092
SAX;8.017;-78.2
SAY;43.2597;11.2558
SBI;12.5727;-13.3585
SBK;48.5375;-2.8567
SBU;-29.6894;17.9389
SBZ;45.7867;24.0917
SCC;70.1948;-148.4652
SCM;61.8453;-165.5713
SCN;49.2146;7.1095
SCQ;42.8963;-8.4151
SCS;60.4328;-1.2961
SCT;12.6307;53.9058
SCU;19.97;-75.8356
SCV;47.695;26.3517
SCX;16.2126;-95.2016
SCZ;-10.7203;165.795
SDD;-14.9243;13.5716
SDG;35.2508;47.0111
SDN;61.83;6.1058
SDP;55.3137;-160.5214
SDQ;18.4298;-69.669
SDR;43.4271;-3.82
SDV;32.1158;34.7822
SEB;27.0097;14.4306
SEN;51.5714;0.6956
SEU;-2.4581;34.8225
SEY;15.1797;-12.2073
SEZ;-4.6743;55.5218
SFA;34.7206;10.6886
SFH;30.9314;-114.8089
SFJ;67.017;-50.6893
SFL;14.885;-24.48
SFQ;37.095;38.8494
SGD;54.9644;9.7917
SGE;50.7077;8.083
SGK;-5.083;144.767
SGX;-10.6833;35.5833
SGY;59.46;-135.3157
SHG;66.8881;-157.1624
SHH;66.2496;-166.0893
SHJ;25.3292;55.5161
SHO;38.1475;128.6006
SHW;17.4669;47.1214
SHX;62.6923;-159.5692
SHY;-3.6;33.5
SID;16.7414;-22.9494
SIR;46.2192;7.3269
SIS;-27.65;23
SIT;57.0472;-135.3617
SJD;23.1521;-109.7207
SJJ;43.8246;18.3315
SJO;9.9939;-84.2089
SJY;62.6936;22.8319
SJZ;38.6655;-28.1758
SKC;-8.033;141.717
SKE;59.185;9.5672
SKG;40.5194;22.9736
SKK;64.3711;-161.224
SKN;68.5808;15.0261
SKP;41.9616;21.6214
SKS;55.2256;9.2639
SKU;38.9683;24.4881
SKV;28.6853;34.0625
SLD;48.6381;19.1342
SLH;-13.8517;167.5369
SLI;-12.1667;26.3667
SLM;40.9521;-5.502
SLP;22.2543;-100.9308
SLQ;61.7005;-157.1659
SLW;25.5498;-100.9284
SLX;21.333;-71.2
SMA;36.9739;-25.1711
SMI;37.6903;26.9128
SMK;63.4901;-162.1104
SML;23.5814;-75.2705
SMS;-17.0833;49.8167
SMV;46.5344;9.8839
SNE;16.5881;-24.2839
SNN;52.702;-8.9248
SNP;57.1673;-170.2204
SNR;47.3106;-2.1567
SNU;22.4922;-79.9436
SOB;46.6863;17.159
SOG;61.1561;7.1378
SOJ;69.7901;20.9549
SON;-15.5058;167.2214
SOT;67.3967;26.6181
SOU;50.9503;-1.3568
SOV;59.4424;-151.7041
SOY;59.1581;-2.6414
SOZ;41.9264;9.4053
SPC;28.6265;-17.7556
SPN;15.119;145.7294
SPP;-14.65;17.6833
SPR;17.9139;-87.9711
SQS;17.1859;-89.0097
SQZ;53.3078;-0.5508
SRH;9.1511;18.3794
SRK;77.7833;-70.7667
SRP;59.7928;5.3397
SRT;1.7223;33.6187
SRX;31.0617;16.5917
SRY;36.6358;53.1936
SSG;3.7553;8.7087
SSH;27.9786;34.3933
SSJ;65.9597;12.4722
SSR;-15.4708;168.1522
SSY;-6.2699;14.247
STA;55.9901;8.3539
STG;56.5774;-169.6637
STI;19.4088;-70.6169
STN;51.885;0.235
STR;48.6899;9.222
SUF;38.9083;16.2417
SUJ;47.7034;22.8856
SUR;52.7086;-88.5419
SUV;-18.0447;178.5631
SVA;63.6864;-170.4926
SVB;-14.2786;50.1747
SVF;8.0167;2.45
SVG;58.8768;5.6378
SVJ;68.2433;14.6692
SVK;16.733;-88.333
SVL;61.9428;28.945
SVP;-12.4046;16.9474
SVQ;37.4179;-5.8989
SVR;76.0208;-65.0833
SVU;-16.8028;179.3406
SWJ;-16.495;167.438
SWP;-22.6583;14.5667
SWS;51.6053;-4.0678
SWX;-18.3667;21.8167
SXB;48.5419;7.6344
SXF;52.3785;13.5206
SXI;25.9083;54.5417
SXL;54.2802;-8.5992
SXN;-20.55;26.1
SXZ;37.9781;41.8392
SYA;52.7123;174.1137
SYJ;29.5511;55.6717
SYQ;9.9572;-84.1428
SYT;46.4064;4.0211
SYY;58.2139;-6.3308
SYZ;29.5403;52.5886
SZA;-6.1411;12.3718
SZE;11.7889;40.9902
SZF;41.2656;36.5486
SZG;47.7944;13.0033
SZJ;21.6333;-82.95
SZK;-24.9667;31.6
SZT;16.6904;-92.5303
SZW;53.4269;11.7833
SZY;53.4819;20.9377
SZZ;53.5847;14.9022
TAH;-19.455;169.2233
TAI;13.6861;44.1389
TAJ;-3.183;142.417
TAL;65.1743;-152.1093
TAM;22.2898;-97.8644
TAP;14.7944;-92.37
TAR;40.5183;17.4006
TAT;49.0736;20.2411
TAY;58.3075;26.6906
TBG;-5.2786;141.2258
TBI;24.3;-75.45
TBJ;36.98;8.8769
TBO;-5.0833;32.8333
TBU;-21.2411;-175.1397
TBY;-26.0667;22.4667
TBZ;38.1339;46.235
TCB;26.7453;-77.3913
TCD;-2.867;-69.733
TCE;45.0629;28.7144
TCH;-2.85;11.017
TCP;29.5879;34.7782
TCX;33.6678;56.8925
TED;57.0688;8.7052
TEE;35.4325;8.1256
TEQ;41.1322;27.9161
TER;38.7646;-27.0908
TET;-16.1;33.6333
TEU;-45.5331;167.65
TFI;-9.067;149.317
TFN;28.4827;-16.3415
TFS;28.0445;-16.5725
TGD;42.3594;19.2519
TGH;-16.8911;168.5514
TGJ;-21.0961;167.8039
TGM;46.4677;24.4125
TGR;33.06;6.0872
TGT;-5.1;39.0667
TGU;14.0614;-87.2172
TGZ;16.5618;-93.0261
THF;52.4736;13.4016
THO;66.2183;-15.3347
THQ;34.583;105.75
THR;35.6889;51.3147
THU;76.5312;-68.7032
THZ;14.8667;5.2667
TID;35.3414;1.4669
TIF;21.4833;40.5444
TIH;-15.1194;-148.235
TII;32.6;65.864
TIJ;32.5414;-116.9717
TIN;27.7004;-8.1671
TIP;32.6694;13.1567
TIQ;14.9992;145.6194
TIU;-44.3033;171.225
TIV;42.4047;18.7233
TIZ;-5.845;142.948
TJK;40.3125;36.3739
TJN;-15.857;-142.267
TKA;62.3205;-150.0937
TKJ;63.2955;-143.0061
TKP;-14.71;-145.2478
TKQ;-4.8851;29.6702
TKU;60.5147;22.2617
TKV;-17.3553;-138.445
TKX;-14.4667;-145.0333
TLA;65.2404;-166.3393
TLC;19.3371;-99.566
TLE;-23.3894;43.7256
TLJ;62.9012;-155.9935
TLL;59.4133;24.8325
TLM;35.0125;-1.4486
TLN;43.0972;6.1461
TLS;43.635;1.3678
TMM;-18.1158;49.3933
TMP;61.4153;23.5878
TMR;22.8111;5.4508
TMS;0.3792;6.7169
TMU;9.733;-85
TMX;29.2411;0.2836
TNC;65.5632;-167.9217
TND;21.7883;-79.9972
TNG;35.7317;-5.9211
TNK;60.5755;-165.2716
TNO;10.3557;-85.8529
TNR;-18.7965;47.4761
TOB;31.8613;23.907
TOE;33.9397;8.1106
TOG;59.0536;-160.3969
TOH;-13.328;166.638
TOJ;40.4967;-3.4459
TOM;16.7305;-3.0076
TOS;69.6814;18.9178
TOU;-20.79;165.2594
TPI;-8.35;146.983
TPQ;21.4195;-104.8426
TPS;37.9122;12.4936
TQA;73.3731;-56.0603
TQI;65.88;-37.76
TRC;25.5683;-103.41
TRD;63.4575;10.9242
TRE;56.4992;-6.8692
TRF;59.1867;10.2586
TRG;-37.6739;176.1958
TRH;65.7667;87.8833
TRN;45.2025;7.6494
TRS;45.8275;13.4722
TRW;1.3783;173.15
TSF;45.6509;12.1979
TSH;-6.4;20.7833
TSL;22.0383;-98.8065
TSR;45.8098;21.3379
TSS;40.7426;-73.9721
TTA;28.4461;-11.1583
TTB;39.9197;9.6842
TTQ;10.567;-83.517
TTU;35.5944;-5.32
TUB;-23.3667;-149.5267
TUD;13.7328;-13.6581
TUF;47.4319;0.7231
TUI;31.6927;38.7313
TUN;36.8511;10.2269
TUO;-38.7397;176.0844
TUU;28.3731;36.6213
TVA;-17.85;44.917
TVS;39.7178;118.0026
TVU;-16.6906;-179.8769
TWA;59.0756;-160.273
TXL;52.5597;13.2878
TZA;17.5;-88.183
TZL;44.4587;18.7248
TZN;24.1586;-77.5892
TZX;40.9958;39.7853
UAB;36.9989;35.4331
UAH;-8.9361;-139.5522
UAK;61.1607;-45.4257
UAM;13.4833;144.7961
UAP;-9.3517;-140.0778
UAS;0.533;37.533
UDN;45.9347;12.9422
UEL;-17.85;36.8667
UHE;49.0294;17.4397
UII;16.1131;-86.8803
UIP;47.975;-4.1678
UIT;5.8333;169.6167
UKA;-4.2963;39.5711
ULB;-16.333;168.283
ULD;-28.3195;31.4171
ULU;2.8;32.2667
UMD;70.6797;-52.1172
UND;36.6625;68.9111
UNG;-6.117;141.283
UNK;63.8884;-160.799
UPB;23.0333;-82.5792
UPN;19.3965;-102.0389
URE;58.23;22.5094
URO;49.3908;1.1839
URY;31.4121;37.2795
USQ;38.6811;29.4714
UTC;52.1281;5.2811
UTI;60.8964;26.9381
UTK;11.2333;169.8667
UTN;-28.401;21.2597
UTT;-31.5458;28.6736
UTW;-31.9167;26.8833
UVE;-20.6406;166.5728
UVL;25.4736;30.5908
UYL;12.0535;24.9561
VAA;63.0453;21.7642
VAF;44.9156;4.9686
VAI;-2.6921;141.3023
VAK;61.5408;-165.6009
VAN;38.4686;43.3308
VAO;-7.585;158.73
VAS;39.8153;36.9028
VAV;-18.5856;-173.9697
VAW;70.3554;31.0449
VBS;45.4289;10.3306
VBV;-17.269;-178.976
VCE;45.5053;12.3511
VDA;29.9361;34.9411
VDB;61.0156;9.2881
VDE;27.8148;-17.8871
VDS;70.0653;29.8447
VDY;22.5333;72.9
VDZ;61.1339;-146.2483
VEE;67.0087;-146.3664
VER;19.1458;-96.1874
VEY;63.425;-20.2792
VFA;-18.0942;25.84
VGO;42.2291;-8.6275
VHC;-9.689;20.4308
VHY;46.1717;3.4042
VIC;45.5717;11.5269
VIE;48.1103;16.5697
VIT;42.8828;-2.7245
VLC;39.4893;-0.4816
VLI;-17.6993;168.3198
VLL;41.706;-4.8519
VLS;-16.7961;168.1769
VLY;53.2481;-4.5353
VMU;-7.483;144.8
VNE;47.7192;-2.7233
VNX;-22.0167;35.3167
VOL;39.2194;22.7944
VPE;-17.0435;15.6838
VPG;-3.8599;39.787
VPN;65.7206;-14.8506
VPY;-19.1485;33.4295
VRA;23.0344;-81.4353
VRK;62.1711;27.8686
VRN;45.3964;10.8881
VRU;-26.9667;24.7333
VRY;67.6894;12.6819
VSA;17.997;-92.8148
VSE;40.7255;-7.889
VTU;20.9878;-76.9358
VVZ;26.7236;8.6178
VXC;-13.2833;35.25
VXE;16.8339;-25.0567
WAA;65.6226;-168.0949
WAE;20.5042;45.1989
WAG;-39.9622;175.0253
WAI;-14.8987;47.9939
WAM;-17.8;48.433
WAQ;-18.7;44.617
WAT;52.1872;-7.087
WAW;52.1658;20.9671
WAX;32.98;12.015
WBM;-5.6433;143.8954
WBQ;66.3622;-147.4065
WDH;-22.48;17.4708
WFI;-21.4416;47.1117
WFK;47.2856;-68.3128
WHF;21.8028;31.522
WHK;-37.9206;176.9142
WIC;58.4589;-3.0931
WIL;-1.3213;36.815
WJA;7.4507;168.5501
WJR;1.7332;40.0916
WKA;-44.7222;169.2456
WKF;-25.8283;28.2217
WKK;59.2826;-158.6177
WLG;-41.3272;174.8053
WLH;-15.412;167.691
WLK;66.6001;-159.9858
WMI;52.4511;20.6519
WMN;-15.4367;49.6883
WMO;64.6892;-163.4127
WMR;-16.1639;49.7738
WNA;60.6903;-161.9785
WNN;52.8944;-89.2889
WOE;51.4497;4.3433
WPC;49.5206;-113.9917
WPM;-8.783;142.867
WRE;-35.7703;174.365
WRG;56.4861;-132.37
WRO;51.1027;16.8858
WRY;59.35;-2.933
WSN;58.7021;-157.0026
WSZ;-41.7381;171.5808
WTD;26.6833;-78.9833
WTE;9.45;170.0333
WTK;67.5611;-162.9804
WTL;60.3353;-162.667
WTN;53.1667;-0.5167
WTO;10.1667;166.0333
WTP;-8.533;147.25
WTS;-18.75;46.05
WUU;7.7257;27.9749
WVB;-22.9799;14.6453
WWK;-3.5834;143.6671
WWP;56.1163;-133.1217
WWT;60.9391;-164.6413
XBE;53.9664;-91.0264
XBJ;32.8981;59.2661
XCR;48.7733;4.2061
XCZ;49.785;4.6428
XFW;53.5354;9.8355
XGR;58.7117;-65.9933
XIQ;69.0811;-51.1153
XJD;25.1323;51.3088
XLB;58.6175;-101.4689
XLS;16.0497;-16.4611
XLW;53.1427;8.6235
XMH;-14.4375;-146.0708
XOG;44.14;4.8686
XPK;55.7489;-101.2664
XPP;53;-97.2667
XQP;9.4432;-84.1298
XQU;49.3372;-124.3939
XRY;36.7446;-6.0601
XSB;24.3333;52.6
XSC;21.5158;-71.5285
XSI;56.7928;-98.9072
XTL;58.7061;-98.5122
XYA;-9.083;159.217
YAA;52.4525;-125.3033
YAK;59.5033;-139.6602
YAO;3.8321;11.5216
YAV;48.867;-123.3
YAX;53.25;-89.567
YAY;51.3975;-56.0831
YAZ;49.0822;-125.7725
YBB;68.5344;-89.8081
YBC;49.1325;-68.2044
YBE;59.5617;-108.4786
YBF;54.3042;-110.7436
YBG;48.3306;-70.9964
YBI;53.4694;-55.785
YBK;64.2989;-96.0778
YBL;49.9508;-125.2708
YBR;49.9097;-99.9508
YBT;57.8894;-101.6792
YBV;52.3589;-97.0183
YBW;48.75;-123.233
YBX;51.4436;-57.1853
YCB;69.1081;-105.1383
YCC;45.0925;-74.5683
YCD;49.0522;-123.8703
YCE;43.2856;-81.5083
YCG;49.2964;-117.6325
YCH;47.0078;-65.4492
YCK;67.033;-126.083
YCL;47.9908;-66.3303
YCN;49.1056;-81.0136
YCO;67.8167;-115.1439
YCR;54.61;-97.7606
YCS;63.3469;-90.7311
YCW;49.1528;-121.9389
YCY;70.4861;-68.5167
YDA;64.0431;-139.1278
YDB;61.3711;-139.0406
YDF;49.2108;-57.3914
YDL;58.4222;-130.0322
YDN;51.1008;-100.0525
YDP;56.55;-61.683
YDQ;55.7423;-120.183
YDV;51.7833;-96.7
YEG;53.3097;-113.5797
YEI;40.2552;29.5626
YEK;61.0942;-94.0708
YEL;46.3514;-82.5614
YEM;45.8428;-81.8581
YEO;51.01;-2.6383
YER;56.0189;-87.6764
YES;30.68;50.55
YET;53.5789;-116.465
YEU;79.9947;-85.8142
YEV;68.3042;-133.4828
YFA;52.2033;-81.6958
YFB;63.7564;-68.5558
YFC;45.8681;-66.5356
YFH;51.5614;-87.9069
YFJ;64.19;-114.08
YFO;54.6781;-101.6817
YFR;61.1808;-113.6897
YFS;61.7602;-121.2365
YFX;52.3728;-55.6739
YGB;49.6942;-124.5178
YGG;48.85;-123.5
YGH;66.2408;-128.6508
YGK;44.2253;-76.5969
YGL;53.6253;-77.7042
YGM;50.6281;-97.0433
YGO;54.5589;-94.4914
YGP;48.7753;-64.4786
YGQ;49.7783;-86.9394
YGR;47.4247;-61.7781
YGT;69.3647;-81.8161
YGV;50.2819;-63.6114
YGW;55.2819;-77.7653
YGX;56.3575;-94.7106
YGZ;76.4261;-82.9092
YHA;52.533;-56.283
YHD;49.8317;-92.7442
YHE;49.3667;-121.4833
YHH;49.9464;-125.266
YHI;70.7628;-117.8061
YHK;68.6356;-95.8503
YHM;43.1736;-79.935
YHO;55.45;-60.233
YHR;50.4689;-59.6367
YHS;49.4833;-123.7667
YHU;45.5175;-73.4169
YHY;60.8397;-115.7764
YHZ;44.8808;-63.5086
YIB;48.7739;-91.6386
YIF;51.2117;-58.6583
YIK;62.4173;-77.9253
YIO;72.6833;-77.9667
YIV;53.8572;-94.6536
YJN;45.2944;-73.2811
YJT;48.545;-58.55
YKA;50.7022;-120.4444
YKF;43.4608;-80.3786
YKL;54.8053;-66.8053
YKQ;51.4736;-78.7581
YKX;48.2103;-79.9814
YKZ;43.8622;-79.37
YLB;54.7703;-112.0317
YLC;62.85;-69.8833
YLD;47.82;-83.3467
YLE;63.15;-117.267
YLH;52.195;-87.9333
YLI;64.0547;24.7253
YLJ;54.1244;-108.5233
YLL;53.3092;-110.0725
YLQ;47.4097;-72.7889
YLR;56.5133;-99.9853
YLT;82.5178;-62.2806
YLW;49.9561;-119.3778
YLY;49.1008;-122.6308
YMH;52.3028;-55.8472
YMJ;50.3303;-105.5592
YMM;56.6533;-111.2219
YMN;55.0769;-59.1864
YMO;51.2911;-80.6078
YMP;50.5756;-127.0286
YMT;49.7719;-74.5281
YMU;50.666;-124.983
YMW;46.2728;-75.9906
YMX;45.6779;-74.0386
YNA;50.19;-61.7889
YNB;24.1442;38.0635
YNC;53.0106;-78.8311
YND;45.5214;-75.5642
YNE;53.9583;-97.8442
YNH;56.0356;-121.9758
YNM;49.7617;-77.8028
YNO;52.4906;-92.9731
YNP;55.9128;-61.1853
YNS;51.6908;-76.135
YNT;37.4017;121.3717
YOA;64.6989;-110.6147
YOC;67.5706;-139.8392
YOD;54.405;-110.2794
YOG;51.6578;-85.9008
YOH;54.9333;-95.2789
YOJ;58.6214;-117.1647
YOP;58.4914;-119.4083
YOW;45.3226;-75.6691
YOY;46.9;-71.5
YPA;53.2142;-105.6728
YPB;49.267;-124.833
YPC;69.3611;-124.0753
YPD;70.1678;-124.6914
YPE;56.2269;-117.4472
YPG;49.9031;-98.2739
YPH;58.4717;-78.0772
YPJ;59.2967;-69.6
YPL;51.4464;-90.2142
YPM;51.8197;-93.9733
YPN;49.8364;-64.2886
YPO;54.983;-85.433
YPQ;44.23;-78.3633
YPR;54.2861;-130.4447
YPS;45.6567;-61.3681
YPW;49.8342;-124.5
YPX;60.0506;-77.2869
YPY;58.7672;-111.1172
YPZ;54.3717;-125.9514
YQA;44.9747;-79.3033
YQB;46.7911;-71.3933
YQC;61.0464;-69.6178
YQD;53.9714;-101.0911
YQF;52.1822;-113.8944
YQG;42.2756;-82.9556
YQH;60.1178;-128.8219
YQI;43.8269;-66.0881
YQK;49.7883;-94.3631
YQL;49.6303;-112.7997
YQM;46.1122;-64.6786
YQN;50.1828;-86.6964
YQQ;49.7108;-124.8867
YQR;50.4319;-104.6658
YQS;42.77;-81.1108
YQT;48.3719;-89.3239
YQU;55.1797;-118.885
YQV;51.2647;-102.4617
YQW;52.7692;-108.2436
YQX;48.9369;-54.5681
YQY;46.1614;-60.0478
YQZ;53.0261;-122.5103
YRA;64.117;-117.367
YRB;74.7169;-94.9694
YRF;53.683;-57.033
YRG;54.1794;-58.4569
YRI;47.7644;-69.5847
YRJ;48.52;-72.2656
YRL;51.0669;-93.7931
YRM;52.4297;-114.9044
YRO;45.4603;-75.6461
YRQ;46.3528;-72.6794
YRS;54.1672;-93.5572
YRT;62.8114;-92.1158
YSB;46.625;-80.7989
YSC;45.4386;-71.6914
YSE;49.7817;-123.1619
YSF;59.2503;-105.8414
YSG;62.41;-110.6822
YSJ;45.3167;-65.8903
YSK;56.5378;-79.2467
YSL;47.1575;-67.8347
YSM;60.0222;-111.9603
YSN;43.1917;-79.1717
YSO;54.9103;-59.785
YSP;48.7553;-86.3444
YST;53.8456;-94.8519
YSU;46.4406;-63.8336
YSY;71.9939;-125.2425
YTA;45.8644;-77.2517
YTD;55.3189;-97.7078
YTE;64.23;-76.5267
YTF;48.5089;-71.6419
YTG;50.883;-126.8
YTH;55.8011;-97.8642
YTJ;48.8133;-87.0994
YTL;53.8178;-89.8969
YTM;46.51;-74.75
YTQ;58.6678;-69.9558
YTR;44.1189;-77.5281
YTS;48.5697;-81.3767
YTZ;43.6275;-79.3961
YUB;69.4333;-133.0264
YUD;56.5381;-76.5192
YUJ;68.4756;-113.2214
YUL;45.4706;-73.7408
YUM;32.6566;-114.606
YUT;66.5214;-86.2247
YUX;68.7761;-81.2436
YUY;48.2061;-78.8356
YVA;-11.7108;43.2439
YVB;48.0711;-65.4603
YVC;55.1514;-105.2619
YVE;50.25;-119.3333
YVM;67.5458;-64.0314
YVO;48.0539;-77.7825
YVP;58.0961;-68.4269
YVQ;65.2816;-126.7983
YVR;49.1939;-123.1844
YVT;55.8419;-108.4175
YVV;44.7458;-81.1072
YVZ;52.6558;-94.0614
YWA;45.9522;-77.3192
YWB;61.5886;-71.9294
YWG;49.91;-97.2399
YWH;48.4228;-123.3875
YWJ;65.2106;-123.4358
YWK;52.9219;-66.8644
YWL;52.1831;-122.0542
YWM;52.5669;-55.7847
YWO;65.7592;-111.25
YWP;52.9597;-87.3689
YWS;50.1433;-122.9492
YWY;63.2094;-123.4367
YXC;49.6108;-115.7822
YXD;53.5725;-113.5206
YXE;52.1708;-106.6997
YXH;50.0189;-110.7208
YXJ;56.2381;-120.7403
YXK;48.4781;-68.4969
YXL;50.1139;-91.9053
YXN;62.2392;-92.5972
YXP;66.145;-65.7136
YXR;47.695;-79.8489
YXS;53.8894;-122.6789
YXT;54.4685;-128.5762
YXU;43.0356;-81.1539
YXX;49.0253;-122.3606
YXY;60.7096;-135.0673
YXZ;47.9667;-84.7867
YYB;46.3636;-79.4228
YYC;51.1139;-114.0203
YYD;54.8247;-127.1828
YYE;58.8369;-122.5969
YYF;49.4631;-119.6022
YYG;46.29;-63.1211
YYH;69.5467;-93.5767
YYJ;48.6469;-123.4258
YYL;56.8639;-101.0761
YYN;50.2919;-107.6906
YYQ;58.7372;-94.0572
YYR;53.3192;-60.4258
YYT;47.6186;-52.7525
YYU;49.4117;-82.4689
YYY;48.6086;-68.2081
YYZ;43.6772;-79.6306
YZE;45.8853;-82.5678
YZF;62.4628;-114.4403
YZG;62.1792;-75.6669
YZH;55.2931;-114.7772
YZP;53.2544;-131.8139
YZR;42.9994;-82.3089
YZS;64.1933;-83.3594
YZT;50.6806;-127.3667
YZU;54.1439;-115.7867
YZV;50.2233;-66.2656
YZX;44.9844;-64.9169
YZY;38.8019;100.675
YZZ;49.05;-117.61
ZAC;56.0903;-96.0914
ZAH;29.4733;60.9033
ZAJ;30.9692;61.867
ZAO;44.3506;1.4786
ZAZ;41.6662;-1.0416
ZBF;47.6297;-65.7389
ZBM;45.2908;-72.7414
ZBR;25.4444;60.3836
ZCL;22.8974;-102.6858
ZEL;52.1847;-128.1564
ZEM;52.2264;-78.5225
ZFD;59.3336;-107.1822
ZFM;67.4075;-134.8606
ZFN;64.917;-125.567
ZGI;54.8397;-94.0808
ZGR;52.0456;-95.4658
ZGU;-14.2181;167.5872
ZHI;47.1814;7.4164
ZIG;12.5561;-16.275
ZIH;17.6016;-101.4606
ZJG;54.5194;-98.0464
ZKE;52.2825;-81.6778
ZLO;19.1448;-104.5585
ZMG;52.0737;11.6265
ZMH;51.7361;-121.3328
ZMT;54.0275;-132.1253
ZNA;49.1833;-123.95
ZND;13.7839;8.9904
ZNZ;-6.2188;39.2246
ZPB;53.8906;-92.1953
ZQN;-45.0211;168.7392
ZQW;49.2095;7.4006
ZQZ;40.7386;114.9303
ZRH;47.4583;8.5481
ZRJ;52.9436;-91.3128
ZSA;24.0631;-74.5237
ZSE;-21.3216;55.4256
ZSJ;53.0642;-93.3445
ZTA;-20.7706;-138.5686
ZTH;37.7511;20.8842
ZTM;55.8647;-92.0814
ZUM;53.5619;-64.1064
ZWL;58.1069;-103.1722
ZZU;-11.4448;34.0118
